go
use master
go
create database HTTC
go
use HTTC
--DROP DATABASE HTTC
go
create table KHACHHANG(
	MAKH int,
	HOTENKH varchar(50),
	NGAYSINH date,
	SDT char(15),
	DIACHI varchar(50),
	TAIKHOAN char(50),
	MATKHAU char(50),
	CONSTRAINT PK_KHACHHANG PRIMARY KEY(MAKH)
);
GO
CREATE TABLE NGUOIGIAMHO(
	MAKH INT,
	HOTENNGH VARCHAR(50),
	SDTNGH CHAR(15),
	QUANHE VARCHAR(50),
	CONSTRAINT PK_NGUOIGIAMHO PRIMARY KEY(MAKH)
);
GO
CREATE TABLE NHANVIEN(
	MANV INT,
	HOTENNV VARCHAR(50),
	NGAYSINH DATE,
	VITRI CHAR(50),
	BANGCAP VARCHAR(50),
	DIENTHOAI CHAR(15),
	DIACHI VARCHAR(50),
	EMAIL CHAR(50),
	LUONG FLOAT,
	MATRUNGTAM INT,
	TAIKHOAN CHAR(50),
	MATKHAU CHAR(50),
	CONSTRAINT PK_NHANVIEN PRIMARY KEY(MANV)
);
GO
CREATE TABLE LICHNV(
	MANV INT,
	CATRUC INT,
	NGAYTRUC DATE,
	MATRUNGTAMTRUC INT,
	LOAILICH VARCHAR(50),
	CONSTRAINT PK_LICHNV PRIMARY KEY(MANV, CATRUC, NGAYTRUC) 
);

GO
CREATE TABLE TRUNGTAMTIEMCHUNG(
	MATRUNGTAM INT,
	TENTRUNGTAM VARCHAR(50),
	DIACHI VARCHAR(50),
	SODIENTHOAI CHAR(15),
	CONSTRAINT PK_TRUNGTAMTIEMCHUNG PRIMARY KEY(MATRUNGTAM)
);
GO
CREATE TABLE NHACUNGCAP(
	MANCC INT,
	TENNCC VARCHAR(50),
	DIACHINCC VARCHAR(50),
	SDTNCC CHAR(15),
	CONSTRAINT PK_NHACUNGCAP PRIMARY KEY(MANCC)
);
GO
CREATE TABLE VACXIN(
	MAVACXIN INT,
	TENVACXIN VARCHAR(50),
	DONGIA FLOAT,
	NHACUNGCAP INT,
	THONGTINCHITIET VARCHAR(50),
	CONSTRAINT PK_VACXIN PRIMARY KEY(MAVACXIN)
);
GO
CREATE TABLE SL_TRUNGTAM_VACXIN(
	MATRUNGTAM INT,
	MAVACXIN INT,
	SOLUONGTON INT,
	CONSTRAINT PK_SL_TRUNGTAM_VACXIN PRIMARY KEY(MATRUNGTAM, MAVACXIN)
);
GO
CREATE TABLE HOSODANGKYTIEMCHUNG(
	MAHS INT,
	MAKH INT,
	MANV INT,
	NGAYLAP DATE,
	MATRUNGTAMDK INT,
	CONSTRAINT PK_HSDKTC PRIMARY KEY(MAHS)
);
GO
CREATE TABLE CHITIETHOSODKTC(
	MAHS INT,
	MAVACXIN INT,
	MATRUNGTAMTIEM INT,
	NGAYMONGMUONTIEM DATE,
	NGAYTIEM DATE,
	TINHTRANG VARCHAR(50),
	DONGIA FLOAT,
	TIENSUBENH VARCHAR(50),
	PHANUNGSAUTIEM VARCHAR(50),
	CONSTRAINT PK_CTHSDKTC PRIMARY KEY(MAHS, MAVACXIN)
);
GO
CREATE TABLE PHIEUDATVACXIN(
	MAPHIEUDAT INT,
	MATRUNGTAM INT,
	NGAYLAP DATE,
	MANCC INT,
	CONSTRAINT PK_PHIEUDATVACXIN PRIMARY KEY(MAPHIEUDAT)
);
GO
CREATE TABLE CHITIETPHIEUDAT(
	MAPHIEUDAT INT,
	MAVACXIN INT,
	DONGIA FLOAT,
	SOLUONG INT,
	CONSTRAINT PK_CTPD PRIMARY KEY(MAPHIEUDAT, MAVACXIN)
);
GO
CREATE TABLE PHIEUMUAVACXIN(
	MAPHIEUMUA INT,
	MAKH INT,
	MANV INT,
	NGAYLAP DATE,
	CONSTRAINT PK_PHIEUMUAVC PRIMARY KEY(MAPHIEUMUA) 
);
GO
CREATE TABLE CHITIETPHIEUMUA(
	MAPHIEUMUA INT,
	MAVACXIN INT,
	DONGIA FLOAT,
	SOLUONG INT,
	CONSTRAINT PK_CTPM PRIMARY KEY(MAPHIEUMUA, MAVACXIN)
);

-- TAO KHOA NGOAI CHO BANG NHAN VIEN
ALTER TABLE NGUOIGIAMHO
ADD CONSTRAINT FK_NGUOIGIAMHO_KHACHHANG FOREIGN KEY (MAKH) REFERENCES KHACHHANG(MAKH);
ALTER TABLE NHANVIEN
ADD CONSTRAINT FK_NHANVIEN_TRUNGTAMTIEMCHUNG FOREIGN KEY (MATRUNGTAM) REFERENCES TRUNGTAMTIEMCHUNG(MATRUNGTAM);
ALTER TABLE VACXIN
ADD CONSTRAINT FK_VACXIN_NHACUNGCAP FOREIGN KEY (NHACUNGCAP) REFERENCES NHACUNGCAP(MANCC);
ALTER TABLE HOSODANGKYTIEMCHUNG
ADD CONSTRAINT FK_HOSODANGKYTIEMCHUNG_KHACHHANG FOREIGN KEY (MAKH) REFERENCES KHACHHANG(MAKH);
ALTER TABLE HOSODANGKYTIEMCHUNG
ADD CONSTRAINT FK_HOSODANGKYTIEMCHUNG_NHANVIEN FOREIGN KEY (MANV) REFERENCES NHANVIEN(MANV);
ALTER TABLE HOSODANGKYTIEMCHUNG
ADD CONSTRAINT FK_HOSODANGKYTIEMCHUNG_TRUNGTAMTIEMCHUNG FOREIGN KEY (MATRUNGTAMDK) REFERENCES TRUNGTAMTIEMCHUNG(MATRUNGTAM);
ALTER TABLE CHITIETHOSODKTC
ADD CONSTRAINT FK_CHITIETHOSODKTC_HOSODANGKYTIEMCHUNG FOREIGN KEY (MAHS) REFERENCES HOSODANGKYTIEMCHUNG(MAHS);
ALTER TABLE CHITIETHOSODKTC
ADD CONSTRAINT FK_CHITIETHOSODKTC_VACXIN FOREIGN KEY (MAVACXIN) REFERENCES VACXIN(MAVACXIN);
ALTER TABLE CHITIETHOSODKTC
ADD CONSTRAINT FK_CHITIETHOSODKTC_TRUNGTAMTIEMCHUNG FOREIGN KEY (MATRUNGTAMTIEM) REFERENCES TRUNGTAMTIEMCHUNG(MATRUNGTAM)
ALTER TABLE SL_TRUNGTAM_VACXIN
ADD CONSTRAINT FK_SL_TRUNGTAM_VACXIN_VACXIN FOREIGN KEY (MAVACXIN) REFERENCES VACXIN(MAVACXIN);
ALTER TABLE SL_TRUNGTAM_VACXIN
ADD CONSTRAINT FK_SL_TRUNGTAM_VACXIN_TRUNGTAMTIEMCHUNG FOREIGN KEY (MATRUNGTAM) REFERENCES TRUNGTAMTIEMCHUNG(MATRUNGTAM);
ALTER TABLE LICHNV
ADD CONSTRAINT FK_LICHNV_NHANVIEN FOREIGN KEY (MANV) REFERENCES NHANVIEN(MANV);
ALTER TABLE LICHNV
ADD CONSTRAINT FK_LICHNV_TRUNGTAMTIEMCHUNG FOREIGN KEY (MATRUNGTAMTRUC) REFERENCES TRUNGTAMTIEMCHUNG(MATRUNGTAM);
ALTER TABLE PHIEUMUAVACXIN
ADD CONSTRAINT FK_PHIEUMUAVACXIN_NHANVIEN FOREIGN KEY (MANV) REFERENCES NHANVIEN(MANV);
ALTER TABLE PHIEUMUAVACXIN
ADD CONSTRAINT FK_PHIEUMUAVACXIN_KHACHHANG FOREIGN KEY (MAKH) REFERENCES KHACHHANG(MAKH);
ALTER TABLE CHITIETPHIEUMUA
ADD CONSTRAINT FK_CHITIETPHIEUMUA_PHIEUMUAVACXIN FOREIGN KEY (MAPHIEUMUA) REFERENCES PHIEUMUAVACXIN(MAPHIEUMUA);
ALTER TABLE CHITIETPHIEUMUA
ADD CONSTRAINT FK_CHITIETPHIEUMUA_VACXIN FOREIGN KEY (MAVACXIN) REFERENCES VACXIN(MAVACXIN);
ALTER TABLE PHIEUDATVACXIN
ADD CONSTRAINT FK_PHIEUDATVACXIN_TRUNGTAMTIEMCHUNG FOREIGN KEY (MATRUNGTAM) REFERENCES TRUNGTAMTIEMCHUNG(MATRUNGTAM);
ALTER TABLE PHIEUDATVACXIN
ADD CONSTRAINT FK_PHIEUDATVACXIN_NHACUNGCAP FOREIGN KEY (MANCC) REFERENCES NHACUNGCAP(MANCC);
ALTER TABLE CHITIETPHIEUDAT
ADD CONSTRAINT FK_CHITIETPHIEUDAT_PHIEUDATVACXIN FOREIGN KEY (MAPHIEUDAT) REFERENCES PHIEUDATVACXIN(MAPHIEUDAT);
ALTER TABLE CHITIETPHIEUDAT
ADD CONSTRAINT FK_CHITIETPHIEUDAT_VACXIN FOREIGN KEY (MAVACXIN) REFERENCES VACXIN(MAVACXIN);


--
-- Script was generated by Devart dbForge Studio 2022 for SQL Server, Version 6.1.14.0
-- Product Home Page: http://www.devart.com/dbforge/sql/studio
-- Script date 27/04/2022 6:31:04 CH
-- Target server version: 15.00.2080
-- Target connection string: Data Source=LAPTOP-JEMPT9HM\SQLEXPRESS;Initial Catalog=HTTC;Integrated Security=True;User ID=LAPTOP-JEMPT9HM\THUTHAO
--
GO

--
-- Inserting data into table dbo.KHACHHANG
--
INSERT dbo.KHACHHANG(MAKH, HOTENKH, NGAYSINH, SDT, DIACHI, TAIKHOAN, MATKHAU) VALUES (1, 'Nghiêm', '1940-01-02', '0649587591', 'on Tum', 'KH1', '12345')
INSERT dbo.KHACHHANG(MAKH, HOTENKH, NGAYSINH, SDT, DIACHI, TAIKHOAN, MATKHAU) VALUES (2, 'Ánh', '1967-11-05', '0829812854', 'TPHCM', 'KH2', '12345')
INSERT dbo.KHACHHANG(MAKH, HOTENKH, NGAYSINH, SDT, DIACHI, TAIKHOAN, MATKHAU) VALUES (3, 'Cao', '1978-11-21', '0336651827', 'TPHCM', 'KH3', '12345')
INSERT dbo.KHACHHANG(MAKH, HOTENKH, NGAYSINH, SDT, DIACHI, TAIKHOAN, MATKHAU) VALUES (4, 'Ân', '1956-06-17', '0128211343', 'TPHCM', 'KH4', '12345')
INSERT dbo.KHACHHANG(MAKH, HOTENKH, NGAYSINH, SDT, DIACHI, TAIKHOAN, MATKHAU) VALUES (5, 'Phan', '1940-01-04', '0355493773', 'Ninh Bình', 'KH5', '12345')
INSERT dbo.KHACHHANG(MAKH, HOTENKH, NGAYSINH, SDT, DIACHI, TAIKHOAN, MATKHAU) VALUES (6, 'Tống', '1954-04-01', '0313127152', 'Ninh Bình', 'KH6', '12345')
INSERT dbo.KHACHHANG(MAKH, HOTENKH, NGAYSINH, SDT, DIACHI, TAIKHOAN, MATKHAU) VALUES (7, 'Viên', '1965-02-11', '0726934627', 'TPHCM', 'KH7', '12345')
INSERT dbo.KHACHHANG(MAKH, HOTENKH, NGAYSINH, SDT, DIACHI, TAIKHOAN, MATKHAU) VALUES (8, 'Khưu', '1986-09-21', '0953799948', 'Điện Biên', 'KH8', '12345')
INSERT dbo.KHACHHANG(MAKH, HOTENKH, NGAYSINH, SDT, DIACHI, TAIKHOAN, MATKHAU) VALUES (9, 'Cấn', '1978-08-20', '0458523139', 'Hải Dương', 'KH9', '12345')
INSERT dbo.KHACHHANG(MAKH, HOTENKH, NGAYSINH, SDT, DIACHI, TAIKHOAN, MATKHAU) VALUES (10, 'Vũ', '1991-10-31', '0648876938', 'TPHCM', 'KH10', '12345')
INSERT dbo.KHACHHANG(MAKH, HOTENKH, NGAYSINH, SDT, DIACHI, TAIKHOAN, MATKHAU) VALUES (11, 'Tạ', '1941-08-11', '0154192667', 'TPHCM', 'KH11', '12345')
INSERT dbo.KHACHHANG(MAKH, HOTENKH, NGAYSINH, SDT, DIACHI, TAIKHOAN, MATKHAU) VALUES (12, 'Âu', '1958-04-22', '0724977149', 'Ninh Thuận', 'KH12', '12345')
INSERT dbo.KHACHHANG(MAKH, HOTENKH, NGAYSINH, SDT, DIACHI, TAIKHOAN, MATKHAU) VALUES (13, 'Trà', '1940-02-27', '0775771328', 'TPHCM', 'KH13', '12345')
INSERT dbo.KHACHHANG(MAKH, HOTENKH, NGAYSINH, SDT, DIACHI, TAIKHOAN, MATKHAU) VALUES (14, 'Đoàn', '1978-03-09', '0981633794', 'TPHCM', 'KH14', '12345')
INSERT dbo.KHACHHANG(MAKH, HOTENKH, NGAYSINH, SDT, DIACHI, TAIKHOAN, MATKHAU) VALUES (15, 'Chử', '2006-07-29', '0869778192', 'Đắk Lắk', 'KH15', '12345')
INSERT dbo.KHACHHANG(MAKH, HOTENKH, NGAYSINH, SDT, DIACHI, TAIKHOAN, MATKHAU) VALUES (16, 'Đồng', '1942-03-03', '0198232965', 'TPHCM', 'KH16', '12345')
INSERT dbo.KHACHHANG(MAKH, HOTENKH, NGAYSINH, SDT, DIACHI, TAIKHOAN, MATKHAU) VALUES (17, 'Châu', '1963-07-31', '0638749813', 'Ninh Thuận', 'KH17', '12345')
INSERT dbo.KHACHHANG(MAKH, HOTENKH, NGAYSINH, SDT, DIACHI, TAIKHOAN, MATKHAU) VALUES (18, 'Lại', '1962-04-26', '0177868678', 'TPHCM', 'KH18', '12345')
INSERT dbo.KHACHHANG(MAKH, HOTENKH, NGAYSINH, SDT, DIACHI, TAIKHOAN, MATKHAU) VALUES (19, 'Tào', '1950-05-02', '0557239667', 'Phú Thọ', 'KH19', '12345')
INSERT dbo.KHACHHANG(MAKH, HOTENKH, NGAYSINH, SDT, DIACHI, TAIKHOAN, MATKHAU) VALUES (20, 'Cung', '1990-12-11', '0287368158', 'TPHCM', 'KH20', '12345')
INSERT dbo.KHACHHANG(MAKH, HOTENKH, NGAYSINH, SDT, DIACHI, TAIKHOAN, MATKHAU) VALUES (21, 'Vương', '1942-09-19', '0796523598', 'Hậu Giang', 'KH21', '12345')
INSERT dbo.KHACHHANG(MAKH, HOTENKH, NGAYSINH, SDT, DIACHI, TAIKHOAN, MATKHAU) VALUES (22, 'Ấu', '1960-12-16', '0697878779', 'TPHCM', 'KH22', '12345')
INSERT dbo.KHACHHANG(MAKH, HOTENKH, NGAYSINH, SDT, DIACHI, TAIKHOAN, MATKHAU) VALUES (23, 'Đổng', '2002-09-02', '0743477397', 'TPHCM', 'KH23', '12345')
INSERT dbo.KHACHHANG(MAKH, HOTENKH, NGAYSINH, SDT, DIACHI, TAIKHOAN, MATKHAU) VALUES (24, 'Cự', '1940-01-08', '0862444278', 'TPHCM', 'KH24', '12345')
INSERT dbo.KHACHHANG(MAKH, HOTENKH, NGAYSINH, SDT, DIACHI, TAIKHOAN, MATKHAU) VALUES (25, 'Đường', '1984-02-13', '0683116849', 'TPHCM', 'KH25', '12345')
INSERT dbo.KHACHHANG(MAKH, HOTENKH, NGAYSINH, SDT, DIACHI, TAIKHOAN, MATKHAU) VALUES (26, 'Dã', '1996-05-31', '0478362224', 'TPHCM', 'KH26', '12345')
INSERT dbo.KHACHHANG(MAKH, HOTENKH, NGAYSINH, SDT, DIACHI, TAIKHOAN, MATKHAU) VALUES (27, 'Giả', '2007-01-06', '0422186453', 'TPHCM', 'KH27', '12345')
INSERT dbo.KHACHHANG(MAKH, HOTENKH, NGAYSINH, SDT, DIACHI, TAIKHOAN, MATKHAU) VALUES (28, 'Triệu', '1985-06-10', '0328454478', 'TPHCM', 'KH28', '12345')
INSERT dbo.KHACHHANG(MAKH, HOTENKH, NGAYSINH, SDT, DIACHI, TAIKHOAN, MATKHAU) VALUES (29, 'Danh', '1948-07-17', '0133218791', 'TPHCM', 'KH29', '12345')
INSERT dbo.KHACHHANG(MAKH, HOTENKH, NGAYSINH, SDT, DIACHI, TAIKHOAN, MATKHAU) VALUES (30, 'Tăng', '1992-03-20', '0316269445', 'Đắk Nông', 'KH30', '12345')
INSERT dbo.KHACHHANG(MAKH, HOTENKH, NGAYSINH, SDT, DIACHI, TAIKHOAN, MATKHAU) VALUES (31, 'Võ', '1940-01-01', '0362923195', 'Phú Thọ', 'KH31', '12345')
INSERT dbo.KHACHHANG(MAKH, HOTENKH, NGAYSINH, SDT, DIACHI, TAIKHOAN, MATKHAU) VALUES (32, 'Chu', '1940-04-09', '0325773466', 'TPHCM', 'KH32', '12345')
INSERT dbo.KHACHHANG(MAKH, HOTENKH, NGAYSINH, SDT, DIACHI, TAIKHOAN, MATKHAU) VALUES (33, 'Trịnh', '1983-11-30', '0744855543', 'TPHCM', 'KH33', '12345')
INSERT dbo.KHACHHANG(MAKH, HOTENKH, NGAYSINH, SDT, DIACHI, TAIKHOAN, MATKHAU) VALUES (34, 'Bá', '1940-02-09', '0675485932', 'Điện Biên', 'KH34', '12345')
INSERT dbo.KHACHHANG(MAKH, HOTENKH, NGAYSINH, SDT, DIACHI, TAIKHOAN, MATKHAU) VALUES (35, 'Xa', '2000-06-17', '0941927932', 'TPHCM', 'KH35', '12345')
INSERT dbo.KHACHHANG(MAKH, HOTENKH, NGAYSINH, SDT, DIACHI, TAIKHOAN, MATKHAU) VALUES (36, 'Thạch', '1941-01-31', '0885155515', 'TPHCM', 'KH36', '12345')
INSERT dbo.KHACHHANG(MAKH, HOTENKH, NGAYSINH, SDT, DIACHI, TAIKHOAN, MATKHAU) VALUES (37, 'Ngụy', '1955-10-29', '0177477145', 'TPHCM', 'KH37', '12345')
INSERT dbo.KHACHHANG(MAKH, HOTENKH, NGAYSINH, SDT, DIACHI, TAIKHOAN, MATKHAU) VALUES (38, 'Lâm', '1970-11-26', '0552589735', 'TPHCM', 'KH38', '12345')
INSERT dbo.KHACHHANG(MAKH, HOTENKH, NGAYSINH, SDT, DIACHI, TAIKHOAN, MATKHAU) VALUES (39, 'Đặng', '1978-01-21', '0162711966', 'TPHCM', 'KH39', '12345')
INSERT dbo.KHACHHANG(MAKH, HOTENKH, NGAYSINH, SDT, DIACHI, TAIKHOAN, MATKHAU) VALUES (40, 'Giang', '1940-01-10', '0871287484', 'TPHCM', 'KH40', '12345')
INSERT dbo.KHACHHANG(MAKH, HOTENKH, NGAYSINH, SDT, DIACHI, TAIKHOAN, MATKHAU) VALUES (41, 'Doãn', '1940-01-12', '0115383476', 'TPHCM', 'KH41', '12345')
INSERT dbo.KHACHHANG(MAKH, HOTENKH, NGAYSINH, SDT, DIACHI, TAIKHOAN, MATKHAU) VALUES (42, 'Trình', '1980-10-03', '0746187653', 'Đồng Nai', 'KH42', '12345')
INSERT dbo.KHACHHANG(MAKH, HOTENKH, NGAYSINH, SDT, DIACHI, TAIKHOAN, MATKHAU) VALUES (43, 'Chung', '1967-08-29', '0161646285', 'Phú Yên', 'KH43', '12345')
INSERT dbo.KHACHHANG(MAKH, HOTENKH, NGAYSINH, SDT, DIACHI, TAIKHOAN, MATKHAU) VALUES (44, 'Yên', '1940-03-21', '0345556137', 'Đắk Lắk', 'KH44', '12345')
INSERT dbo.KHACHHANG(MAKH, HOTENKH, NGAYSINH, SDT, DIACHI, TAIKHOAN, MATKHAU) VALUES (45, 'Bùi', '1973-06-09', '0291323443', 'TPHCM', 'KH45', '12345')
INSERT dbo.KHACHHANG(MAKH, HOTENKH, NGAYSINH, SDT, DIACHI, TAIKHOAN, MATKHAU) VALUES (46, 'Nhữ', '1940-04-13', '0757343127', 'TPHCM', 'KH46', '12345')
INSERT dbo.KHACHHANG(MAKH, HOTENKH, NGAYSINH, SDT, DIACHI, TAIKHOAN, MATKHAU) VALUES (47, 'Giáp', '1940-10-27', '0221296699', 'TPHCM', 'KH47', '12345')
INSERT dbo.KHACHHANG(MAKH, HOTENKH, NGAYSINH, SDT, DIACHI, TAIKHOAN, MATKHAU) VALUES (48, 'Thái', '1940-01-07', '0417919942', 'TPHCM', 'KH48', '12345')
INSERT dbo.KHACHHANG(MAKH, HOTENKH, NGAYSINH, SDT, DIACHI, TAIKHOAN, MATKHAU) VALUES (49, 'Liễu', '1960-09-03', '0816762459', 'Phú Yên', 'KH49', '12345')
INSERT dbo.KHACHHANG(MAKH, HOTENKH, NGAYSINH, SDT, DIACHI, TAIKHOAN, MATKHAU) VALUES (50, 'Nông', '1994-03-26', '0113383669', 'Quảng Bình', 'KH50', '12345')
GO

--
-- Inserting data into table dbo.NHACUNGCAP
--
INSERT dbo.NHACUNGCAP(MANCC, TENNCC, DIACHINCC, SDTNCC) VALUES (1, 'Chi nhánh Công ty cổ phần Dược phẩm Eco', 'TPHCM', '093728674')
INSERT dbo.NHACUNGCAP(MANCC, TENNCC, DIACHINCC, SDTNCC) VALUES (2, 'Chi nhánh Công ty Cổ phần Dược phẩm Nam Hà', 'TPHCM', '029428195')
INSERT dbo.NHACUNGCAP(MANCC, TENNCC, DIACHINCC, SDTNCC) VALUES (3, 'Chi nhánh công ty Cổ phần Dược phẩm Thiết bị y tế', 'TPHCM', '042442693')
INSERT dbo.NHACUNGCAP(MANCC, TENNCC, DIACHINCC, SDTNCC) VALUES (4, 'Chi nhánh Công ty TNHH Zuellig Pharma Việt Nam', 'TPHCM', '036928822')
INSERT dbo.NHACUNGCAP(MANCC, TENNCC, DIACHINCC, SDTNCC) VALUES (5, 'Công ty Cổ phần Dược - Thiết bị Y tế', 'TPHCM', '012154481')
INSERT dbo.NHACUNGCAP(MANCC, TENNCC, DIACHINCC, SDTNCC) VALUES (6, 'Công ty Cổ phần Dược Đại Nam', 'TPHCM', '081213995')
INSERT dbo.NHACUNGCAP(MANCC, TENNCC, DIACHINCC, SDTNCC) VALUES (7, 'Công ty cổ phần dược liệu Trung ương 2', 'TPHCM', '068227734')
INSERT dbo.NHACUNGCAP(MANCC, TENNCC, DIACHINCC, SDTNCC) VALUES (8, 'Công ty Cổ phần Dược Mỹ phẩm May', 'TPHCM', '085455443')
INSERT dbo.NHACUNGCAP(MANCC, TENNCC, DIACHINCC, SDTNCC) VALUES (9, 'Công ty Cổ phần Dược phẩm', 'TPHCM', '096839471')
INSERT dbo.NHACUNGCAP(MANCC, TENNCC, DIACHINCC, SDTNCC) VALUES (10, 'Công ty Cổ phần Dược phẩm Minh Dân', 'TPHCM', '014262557')
INSERT dbo.NHACUNGCAP(MANCC, TENNCC, DIACHINCC, SDTNCC) VALUES (11, 'Công ty Cổ phần Dược phẩm Trung ương CPC1', 'TPHCM', '089954351')
INSERT dbo.NHACUNGCAP(MANCC, TENNCC, DIACHINCC, SDTNCC) VALUES (12, 'Công ty Cổ phần Dược phẩm Trung ương Codupha', 'TPHCM', '036195365')
INSERT dbo.NHACUNGCAP(MANCC, TENNCC, DIACHINCC, SDTNCC) VALUES (13, 'Công ty Cổ phần GONSA', 'TPHCM', '086255215')
INSERT dbo.NHACUNGCAP(MANCC, TENNCC, DIACHINCC, SDTNCC) VALUES (14, 'Công ty Cổ phần Medcomtech', 'TPHCM', '035593767')
INSERT dbo.NHACUNGCAP(MANCC, TENNCC, DIACHINCC, SDTNCC) VALUES (15, 'Công ty Cổ phần Tập đoàn Dược phẩm và Thương mại S', 'TPHCM', '042138765')
INSERT dbo.NHACUNGCAP(MANCC, TENNCC, DIACHINCC, SDTNCC) VALUES (16, 'Công ty Cổ phần TAVO Pharma', 'TPHCM', '091213655')
INSERT dbo.NHACUNGCAP(MANCC, TENNCC, DIACHINCC, SDTNCC) VALUES (17, 'Công ty Cổ phần Thiết bị y tế Medinsco', 'TPHCM', '027587516')
INSERT dbo.NHACUNGCAP(MANCC, TENNCC, DIACHINCC, SDTNCC) VALUES (18, 'Công ty Cổ phần Vacxin Việt Nam chi nhánh 1', 'TPHCM', '086456465')
INSERT dbo.NHACUNGCAP(MANCC, TENNCC, DIACHINCC, SDTNCC) VALUES (19, 'Công ty cổ phần vacxin Việt Nam chi nhánh 2', 'TPHCM', '063761684')
INSERT dbo.NHACUNGCAP(MANCC, TENNCC, DIACHINCC, SDTNCC) VALUES (20, 'Công ty Cổ phần Xuất nhập khẩu Y tế VN chi nhánh 1', 'TPHCM', '034568461')
INSERT dbo.NHACUNGCAP(MANCC, TENNCC, DIACHINCC, SDTNCC) VALUES (21, 'Công ty Cổ phần Xuất nhập khẩu Y tế VN chi nhánh 2', 'TPHCM', '092634158')
INSERT dbo.NHACUNGCAP(MANCC, TENNCC, DIACHINCC, SDTNCC) VALUES (22, 'Công Ty Cổ Phần Y Tế Đức Minh', 'TPHCM', '017416653')
INSERT dbo.NHACUNGCAP(MANCC, TENNCC, DIACHINCC, SDTNCC) VALUES (23, 'Công ty CP Dược phẩm thiết bị y tế', 'TPHCM', '032156987')
INSERT dbo.NHACUNGCAP(MANCC, TENNCC, DIACHINCC, SDTNCC) VALUES (24, 'Công ty TNHH DKSH Pharma Việt Nam', 'TPHCM', '095536679')
INSERT dbo.NHACUNGCAP(MANCC, TENNCC, DIACHINCC, SDTNCC) VALUES (25, 'Công ty TNHH Johnson & Johnson (Việt Nam) ', 'TPHCM', '037679498')
INSERT dbo.NHACUNGCAP(MANCC, TENNCC, DIACHINCC, SDTNCC) VALUES (26, 'Công ty TNHH AstraZeneca Việt Nam', 'TPHCM', '011927482')
INSERT dbo.NHACUNGCAP(MANCC, TENNCC, DIACHINCC, SDTNCC) VALUES (27, 'Công ty TNHH Dược phẩm GSK Việt Nam', 'TPHCM', '042974543')
INSERT dbo.NHACUNGCAP(MANCC, TENNCC, DIACHINCC, SDTNCC) VALUES (28, 'Công ty TNHH một thành viên Dược', 'TPHCM', '095924321')
INSERT dbo.NHACUNGCAP(MANCC, TENNCC, DIACHINCC, SDTNCC) VALUES (29, 'Công ty TNHH Một thành viên VIMEDIMEX ', 'TPHCM', '025592839')
INSERT dbo.NHACUNGCAP(MANCC, TENNCC, DIACHINCC, SDTNCC) VALUES (30, 'Công ty TNHH MSD HH', 'TPHCM', '074994172')
GO

--
-- Inserting data into table dbo.TRUNGTAMTIEMCHUNG
--
INSERT dbo.TRUNGTAMTIEMCHUNG(MATRUNGTAM, TENTRUNGTAM, DIACHI, SODIENTHOAI) VALUES (1, 'An Bình chi nhánh 1', 'Q.2: 38 Trần Não, P. Bình An', '0299132')
INSERT dbo.TRUNGTAMTIEMCHUNG(MATRUNGTAM, TENTRUNGTAM, DIACHI, SODIENTHOAI) VALUES (2, 'An Bình chi nhánh 2', 'Q.7: Tầng 1 Lô C Chung cư Tân Mỹ, P.Tân Phú', '0214953')
INSERT dbo.TRUNGTAMTIEMCHUNG(MATRUNGTAM, TENTRUNGTAM, DIACHI, SODIENTHOAI) VALUES (3, 'An Bình chi nhánh 3', 'Q.3: 424 Nguyễn Thị Minh Khai, P.5', '0263798')
INSERT dbo.TRUNGTAMTIEMCHUNG(MATRUNGTAM, TENTRUNGTAM, DIACHI, SODIENTHOAI) VALUES (4, 'An Bình chi nhánh 4', 'Q.3: 510 Nguyễn Thị Minh Khai, P.2', '0266679')
INSERT dbo.TRUNGTAMTIEMCHUNG(MATRUNGTAM, TENTRUNGTAM, DIACHI, SODIENTHOAI) VALUES (5, 'An Bình chi nhánh 5', 'Q.3: 101 Vườn Chuối, P.4', '0262745')
INSERT dbo.TRUNGTAMTIEMCHUNG(MATRUNGTAM, TENTRUNGTAM, DIACHI, SODIENTHOAI) VALUES (6, 'An Bình chi nhánh 6', 'Q.4: 317 Hoàng Diệu, P.6', '0295628')
INSERT dbo.TRUNGTAMTIEMCHUNG(MATRUNGTAM, TENTRUNGTAM, DIACHI, SODIENTHOAI) VALUES (7, 'An Bình chi nhánh 7', 'Q.4: 172 Khánh Hội, P.6', '0241759')
INSERT dbo.TRUNGTAMTIEMCHUNG(MATRUNGTAM, TENTRUNGTAM, DIACHI, SODIENTHOAI) VALUES (8, 'An Bình chi nhánh 8', 'Q.5: 77-79 An Dương Vương, P.8 ', '0282246')
INSERT dbo.TRUNGTAMTIEMCHUNG(MATRUNGTAM, TENTRUNGTAM, DIACHI, SODIENTHOAI) VALUES (9, 'An Bình chi nhánh 9', 'Q.5: 386 Trần Hưng Đạo, P.2 ', '0214632')
INSERT dbo.TRUNGTAMTIEMCHUNG(MATRUNGTAM, TENTRUNGTAM, DIACHI, SODIENTHOAI) VALUES (10, 'An Bình chi nhánh 10', 'Q.6: 37A Nguyễn Thị Nhỏ, P.2 ', '0297349')
INSERT dbo.TRUNGTAMTIEMCHUNG(MATRUNGTAM, TENTRUNGTAM, DIACHI, SODIENTHOAI) VALUES (11, 'An Bình chi nhánh 11', 'Q.6: 107 Mai Xuân Thưởng, P.4 ', '0214825')
INSERT dbo.TRUNGTAMTIEMCHUNG(MATRUNGTAM, TENTRUNGTAM, DIACHI, SODIENTHOAI) VALUES (12, 'An Bình chi nhánh 12', 'Q.8: 182 Dương Bá Trạc, P.2 ', '0259317')
INSERT dbo.TRUNGTAMTIEMCHUNG(MATRUNGTAM, TENTRUNGTAM, DIACHI, SODIENTHOAI) VALUES (13, 'An Bình chi nhánh 13', 'Q.8: 871 Phạm Thế Hiển, P.4 ', '0214155')
INSERT dbo.TRUNGTAMTIEMCHUNG(MATRUNGTAM, TENTRUNGTAM, DIACHI, SODIENTHOAI) VALUES (14, 'An Bình chi nhánh 14', 'Q.8: 3058- 3060 Phạm Thế Hiển, P.7', '0216786')
INSERT dbo.TRUNGTAMTIEMCHUNG(MATRUNGTAM, TENTRUNGTAM, DIACHI, SODIENTHOAI) VALUES (15, 'An Bình chi nhánh 15', 'Q.3: 396 Lê Văn Sỹ, P.14 ', '0254617')
INSERT dbo.TRUNGTAMTIEMCHUNG(MATRUNGTAM, TENTRUNGTAM, DIACHI, SODIENTHOAI) VALUES (16, 'An Bình chi nhánh 16', 'Q.5: 247 Hồng Bàng, P.11 ', '0244497')
INSERT dbo.TRUNGTAMTIEMCHUNG(MATRUNGTAM, TENTRUNGTAM, DIACHI, SODIENTHOAI) VALUES (17, 'An Bình chi nhánh 17', 'Q.5: 9 Tăng Bạt Hổ, P.12 ', '0279934')
INSERT dbo.TRUNGTAMTIEMCHUNG(MATRUNGTAM, TENTRUNGTAM, DIACHI, SODIENTHOAI) VALUES (18, 'An Bình chi nhánh 18', 'Q.6: 553 Hậu Giang, P.11 ', '0288339')
INSERT dbo.TRUNGTAMTIEMCHUNG(MATRUNGTAM, TENTRUNGTAM, DIACHI, SODIENTHOAI) VALUES (19, 'An Bình chi nhánh 19', 'Q.6: 879 Hậu Giang, P.11', '0239497')
INSERT dbo.TRUNGTAMTIEMCHUNG(MATRUNGTAM, TENTRUNGTAM, DIACHI, SODIENTHOAI) VALUES (20, 'An Bình chi nhánh 20', 'Q.6: 43V Đường Cư Xá Phú Lâm D, P.10', '0278775')
INSERT dbo.TRUNGTAMTIEMCHUNG(MATRUNGTAM, TENTRUNGTAM, DIACHI, SODIENTHOAI) VALUES (21, 'An Bình chi nhánh 21', 'Q.8: 2 Tuy Lý Vương, P.13 ', '0251977')
INSERT dbo.TRUNGTAMTIEMCHUNG(MATRUNGTAM, TENTRUNGTAM, DIACHI, SODIENTHOAI) VALUES (22, 'An Bình chi nhánh 22', 'Q.8: 48A An Dương Vương, P.16 ', '0229185')
INSERT dbo.TRUNGTAMTIEMCHUNG(MATRUNGTAM, TENTRUNGTAM, DIACHI, SODIENTHOAI) VALUES (23, 'An Bình chi nhánh 23', 'Q.7: 28-30-32-34 Nguyễn Thị Thập, P.Bình Thuận', '0275149')
INSERT dbo.TRUNGTAMTIEMCHUNG(MATRUNGTAM, TENTRUNGTAM, DIACHI, SODIENTHOAI) VALUES (24, 'An Bình chi nhánh 24', 'Q.1: 93 Nguyễn Bỉnh Khiêm, P. Đa Kao', '0269794')
INSERT dbo.TRUNGTAMTIEMCHUNG(MATRUNGTAM, TENTRUNGTAM, DIACHI, SODIENTHOAI) VALUES (25, 'An Bình chi nhánh 25', 'Q.2: 14C Nguyễn Thị Định, P.An Phú', '0217334')
INSERT dbo.TRUNGTAMTIEMCHUNG(MATRUNGTAM, TENTRUNGTAM, DIACHI, SODIENTHOAI) VALUES (26, 'An Bình chi nhánh 26', 'Q.2: 165 Trần Não, Khu Phố 3, P.Bình An', '0265332')
INSERT dbo.TRUNGTAMTIEMCHUNG(MATRUNGTAM, TENTRUNGTAM, DIACHI, SODIENTHOAI) VALUES (27, 'An Bình chi nhánh 27', 'Q.7: 1649 Huỳnh Tấn Phát, P.Phú Mỹ', '0251299')
INSERT dbo.TRUNGTAMTIEMCHUNG(MATRUNGTAM, TENTRUNGTAM, DIACHI, SODIENTHOAI) VALUES (28, 'An Bình chi nhánh 28', 'Q.7: 964 Huỳnh Tấn Phát, P.Tân Phú ', '0266376')
INSERT dbo.TRUNGTAMTIEMCHUNG(MATRUNGTAM, TENTRUNGTAM, DIACHI, SODIENTHOAI) VALUES (29, 'An Bình chi nhánh 29', 'Q.9: 655 Lê Văn Việt, P.Tân Phú ', '0233181')
INSERT dbo.TRUNGTAMTIEMCHUNG(MATRUNGTAM, TENTRUNGTAM, DIACHI, SODIENTHOAI) VALUES (30, 'An Bình chi nhánh 30', 'Q.7: Grand View, PMH, Nguyễn Đức Cảnh, P.Tân Phong', '0251134')
INSERT dbo.TRUNGTAMTIEMCHUNG(MATRUNGTAM, TENTRUNGTAM, DIACHI, SODIENTHOAI) VALUES (31, 'An Bình chi nhánh 31', 'Q.7: VivoCity, 1058 Nguyễn Văn Linh, P.Tân Phong', '0258918')
INSERT dbo.TRUNGTAMTIEMCHUNG(MATRUNGTAM, TENTRUNGTAM, DIACHI, SODIENTHOAI) VALUES (32, 'An Bình chi nhánh 32', 'Q.7: 326 Lê Văn Lương, P.Tân Hưng ', '0233833')
INSERT dbo.TRUNGTAMTIEMCHUNG(MATRUNGTAM, TENTRUNGTAM, DIACHI, SODIENTHOAI) VALUES (33, 'An Bình chi nhánh 33', 'Q.1: 62 Hai Bà Trưng, P.Bến Nghé ', '0227118')
INSERT dbo.TRUNGTAMTIEMCHUNG(MATRUNGTAM, TENTRUNGTAM, DIACHI, SODIENTHOAI) VALUES (34, 'An Bình chi nhánh 34', 'Q.1: 66 Nguyễn Du, P.Bến Nghé ', '0253763')
INSERT dbo.TRUNGTAMTIEMCHUNG(MATRUNGTAM, TENTRUNGTAM, DIACHI, SODIENTHOAI) VALUES (35, 'An Bình chi nhánh 35', 'Q.1: 101 Trần Quang Khải, P.Tân Định ', '0281549')
INSERT dbo.TRUNGTAMTIEMCHUNG(MATRUNGTAM, TENTRUNGTAM, DIACHI, SODIENTHOAI) VALUES (36, 'An Bình chi nhánh 36', 'Q.7: 175 Lâm Văn Bền, P. Bình Thuận  ', '0269718')
INSERT dbo.TRUNGTAMTIEMCHUNG(MATRUNGTAM, TENTRUNGTAM, DIACHI, SODIENTHOAI) VALUES (37, 'An Bình chi nhánh 37', 'Q.2: 77 Quốc Hương, P.Thảo Điền  ', '0267777')
INSERT dbo.TRUNGTAMTIEMCHUNG(MATRUNGTAM, TENTRUNGTAM, DIACHI, SODIENTHOAI) VALUES (38, 'An Bình chi nhánh 38', 'Q.9: 1187 Nguyễn Duy Trinh, P. Long Trường ', '0237227')
INSERT dbo.TRUNGTAMTIEMCHUNG(MATRUNGTAM, TENTRUNGTAM, DIACHI, SODIENTHOAI) VALUES (39, 'An Bình chi nhánh 39', 'Q.9: 345B Đỗ Xuân Hợp, P.Phước Long B ', '0277386')
INSERT dbo.TRUNGTAMTIEMCHUNG(MATRUNGTAM, TENTRUNGTAM, DIACHI, SODIENTHOAI) VALUES (40, 'An Bình chi nhánh 40', 'Q.9: 178 Đỗ Xuân Hợp, P. Phước Long A', '0222788')
INSERT dbo.TRUNGTAMTIEMCHUNG(MATRUNGTAM, TENTRUNGTAM, DIACHI, SODIENTHOAI) VALUES (41, 'An Bình chi nhánh 41', 'Q.10: 338 Ngô Gia Tự, P.4 ', '0244351')
INSERT dbo.TRUNGTAMTIEMCHUNG(MATRUNGTAM, TENTRUNGTAM, DIACHI, SODIENTHOAI) VALUES (42, 'An Bình chi nhánh 42', 'Q.10: 391 Lý Thái Tổ, P.9 ', '0255878')
INSERT dbo.TRUNGTAMTIEMCHUNG(MATRUNGTAM, TENTRUNGTAM, DIACHI, SODIENTHOAI) VALUES (43, 'An Bình chi nhánh 43', 'Q.10: 140 Lý Thường Kiệt, P.7 ', '0248845')
INSERT dbo.TRUNGTAMTIEMCHUNG(MATRUNGTAM, TENTRUNGTAM, DIACHI, SODIENTHOAI) VALUES (44, 'An Bình chi nhánh 44', 'Q.11: 174 Tạ Uyên, P.6 ', '0287115')
INSERT dbo.TRUNGTAMTIEMCHUNG(MATRUNGTAM, TENTRUNGTAM, DIACHI, SODIENTHOAI) VALUES (45, 'An Bình chi nhánh 45', 'Q.11: 77 Thuận Kiều, P.4 ', '0259387')
INSERT dbo.TRUNGTAMTIEMCHUNG(MATRUNGTAM, TENTRUNGTAM, DIACHI, SODIENTHOAI) VALUES (46, 'An Bình chi nhánh 46', 'Q.10: 291 Cách Mạng Tháng 8, P.12 ', '0298161')
INSERT dbo.TRUNGTAMTIEMCHUNG(MATRUNGTAM, TENTRUNGTAM, DIACHI, SODIENTHOAI) VALUES (47, 'An Bình chi nhánh 47', 'Q.10: 703 Lê Hồng Phong, P.12 ', '0289387')
INSERT dbo.TRUNGTAMTIEMCHUNG(MATRUNGTAM, TENTRUNGTAM, DIACHI, SODIENTHOAI) VALUES (48, 'An Bình chi nhánh 48', 'Q.11: 383C Minh Phụng, Phường 10 ', '0289842')
INSERT dbo.TRUNGTAMTIEMCHUNG(MATRUNGTAM, TENTRUNGTAM, DIACHI, SODIENTHOAI) VALUES (49, 'An Bình chi nhánh 49', 'Q.12: 107/1 Lê Văn Khương, P.Thới An ', '0278581')
INSERT dbo.TRUNGTAMTIEMCHUNG(MATRUNGTAM, TENTRUNGTAM, DIACHI, SODIENTHOAI) VALUES (50, 'An Bình chi nhánh 50', 'Q.12: 43A Nguyễn Ảnh Thủ, P. Hiệp Thành', '0255563')
GO

--
-- Inserting data into table dbo.NHANVIEN
--
INSERT dbo.NHANVIEN(MANV, HOTENNV, NGAYSINH, VITRI, BANGCAP, DIENTHOAI, DIACHI, EMAIL, LUONG, MATRUNGTAM, TAIKHOAN, MATKHAU) VALUES (1, 'Dương', '1983-08-23', 'Bác sĩ', 'Thạc sĩ', '0638368857', 'Phú Yên', 'C_3@gmail.com', 27938678.17, 1, 'NV1', '12345')
INSERT dbo.NHANVIEN(MANV, HOTENNV, NGAYSINH, VITRI, BANGCAP, DIENTHOAI, DIACHI, EMAIL, LUONG, MATRUNGTAM, TAIKHOAN, MATKHAU) VALUES (2, 'Kiều', '1950-01-02', 'Bác sĩ', 'Thạc sĩ', '0959555846', 'Quảng Bình', 'E_1@gmail.com', 21024310.91, 2, 'NV2', '12345')
INSERT dbo.NHANVIEN(MANV, HOTENNV, NGAYSINH, VITRI, BANGCAP, DIENTHOAI, DIACHI, EMAIL, LUONG, MATRUNGTAM, TAIKHOAN, MATKHAU) VALUES (3, 'Hoàng', '1958-12-13', 'Bác sĩ', 'Thạc sĩ', '0195433844', 'TPHCM', 'H_2@gmail.com', 29169467.28, 3, 'NV3', '12345')
INSERT dbo.NHANVIEN(MANV, HOTENNV, NGAYSINH, VITRI, BANGCAP, DIENTHOAI, DIACHI, EMAIL, LUONG, MATRUNGTAM, TAIKHOAN, MATKHAU) VALUES (4, 'Bá', '1986-03-08', 'Bác sĩ', 'Thạc sĩ', '0887932882', 'TPHCM', 'Y_8@gmail.com', 24027534.92, 4, 'NV4', '12345')
INSERT dbo.NHANVIEN(MANV, HOTENNV, NGAYSINH, VITRI, BANGCAP, DIENTHOAI, DIACHI, EMAIL, LUONG, MATRUNGTAM, TAIKHOAN, MATKHAU) VALUES (5, 'Chung', '1952-06-20', 'Bác sĩ', 'Thạc sĩ', '0384547935', 'TPHCM', 'F_8@gmail.com', 49928235.32, 5, 'NV5', '12345')
INSERT dbo.NHANVIEN(MANV, HOTENNV, NGAYSINH, VITRI, BANGCAP, DIENTHOAI, DIACHI, EMAIL, LUONG, MATRUNGTAM, TAIKHOAN, MATKHAU) VALUES (6, 'Bạc', '1951-03-30', 'Bác sĩ', 'Thạc sĩ', '0317885721', 'TPHCM', 'F_9@gmail.com', 15836142.69, 6, 'NV6', '12345')
INSERT dbo.NHANVIEN(MANV, HOTENNV, NGAYSINH, VITRI, BANGCAP, DIENTHOAI, DIACHI, EMAIL, LUONG, MATRUNGTAM, TAIKHOAN, MATKHAU) VALUES (7, 'Lý', '1965-05-09', 'Bác sĩ', 'Thạc sĩ', '0388612697', 'TPHCM', 'Z_6@gmail.com', 24862259.28, 7, 'NV7', '12345')
INSERT dbo.NHANVIEN(MANV, HOTENNV, NGAYSINH, VITRI, BANGCAP, DIENTHOAI, DIACHI, EMAIL, LUONG, MATRUNGTAM, TAIKHOAN, MATKHAU) VALUES (8, 'Mạc', '1993-01-29', 'Bác sĩ', 'Thạc sĩ', '0381779124', 'on Tum', 'R_1@gmail.com', 33452719.55, 8, 'NV8', '12345')
INSERT dbo.NHANVIEN(MANV, HOTENNV, NGAYSINH, VITRI, BANGCAP, DIENTHOAI, DIACHI, EMAIL, LUONG, MATRUNGTAM, TAIKHOAN, MATKHAU) VALUES (9, 'Huỳnh', '1958-10-13', 'Y sĩ', 'Tiến sĩ', '0736762224', 'TPHCM', 'C_7@gmail.com', 32467375.78, 9, 'NV9', '12345')
INSERT dbo.NHANVIEN(MANV, HOTENNV, NGAYSINH, VITRI, BANGCAP, DIENTHOAI, DIACHI, EMAIL, LUONG, MATRUNGTAM, TAIKHOAN, MATKHAU) VALUES (10, 'Kim', '1994-04-08', 'Bác sĩ', 'Thạc sĩ', '0476826839', 'Yên Bái', 'V_5@gmail.com', 35889103.3, 10, 'NV10', '12345')
INSERT dbo.NHANVIEN(MANV, HOTENNV, NGAYSINH, VITRI, BANGCAP, DIENTHOAI, DIACHI, EMAIL, LUONG, MATRUNGTAM, TAIKHOAN, MATKHAU) VALUES (11, 'Cù', '1950-01-03', 'Bác sĩ', 'Thạc sĩ', '0455971768', 'TPHCM', 'F_2@gmail.com', 22814943.8, 11, 'NV11', '12345')
INSERT dbo.NHANVIEN(MANV, HOTENNV, NGAYSINH, VITRI, BANGCAP, DIENTHOAI, DIACHI, EMAIL, LUONG, MATRUNGTAM, TAIKHOAN, MATKHAU) VALUES (12, 'Bạch', '1959-02-14', 'Nhân viên y tế', 'Thạc sĩ', '0914432838', 'TPHCM', 'D_1@gmail.com', 30591281.84, 12, 'NV12', '12345')
INSERT dbo.NHANVIEN(MANV, HOTENNV, NGAYSINH, VITRI, BANGCAP, DIENTHOAI, DIACHI, EMAIL, LUONG, MATRUNGTAM, TAIKHOAN, MATKHAU) VALUES (13, 'Mai', '1987-12-05', 'Bác sĩ', 'Thạc sĩ', '0747718331', 'TPHCM', 'R_6@gmail.com', 36779362.95, 13, 'NV13', '12345')
INSERT dbo.NHANVIEN(MANV, HOTENNV, NGAYSINH, VITRI, BANGCAP, DIENTHOAI, DIACHI, EMAIL, LUONG, MATRUNGTAM, TAIKHOAN, MATKHAU) VALUES (14, 'Ca', '1983-08-14', 'Nhân viên y tế', 'Tiến sĩ', '0158646532', 'Quảng Bình', 'N_7@gmail.com', 42961477.27, 14, 'NV14', '12345')
INSERT dbo.NHANVIEN(MANV, HOTENNV, NGAYSINH, VITRI, BANGCAP, DIENTHOAI, DIACHI, EMAIL, LUONG, MATRUNGTAM, TAIKHOAN, MATKHAU) VALUES (15, 'La', '1959-07-17', 'Bác sĩ', 'Tiến sĩ', '0893364389', 'TPHCM', 'D_4@gmail.com', 20686480.5, 15, 'NV15', '12345')
INSERT dbo.NHANVIEN(MANV, HOTENNV, NGAYSINH, VITRI, BANGCAP, DIENTHOAI, DIACHI, EMAIL, LUONG, MATRUNGTAM, TAIKHOAN, MATKHAU) VALUES (16, 'Trương', '1985-01-26', 'Bác sĩ', 'Tiến sĩ', '0869189681', 'Hà Nội', 'X_4@gmail.com', 23206883.06, 16, 'NV16', '12345')
INSERT dbo.NHANVIEN(MANV, HOTENNV, NGAYSINH, VITRI, BANGCAP, DIENTHOAI, DIACHI, EMAIL, LUONG, MATRUNGTAM, TAIKHOAN, MATKHAU) VALUES (17, 'Hàn', '1961-04-03', 'Nhân viên y tế', 'Tiến sĩ', '0566459942', 'TPHCM', 'A_9@gmail.com', 36111115.76, 17, 'NV17', '12345')
INSERT dbo.NHANVIEN(MANV, HOTENNV, NGAYSINH, VITRI, BANGCAP, DIENTHOAI, DIACHI, EMAIL, LUONG, MATRUNGTAM, TAIKHOAN, MATKHAU) VALUES (18, 'Vi', '1991-10-15', 'Bác sĩ', 'Tiến sĩ', '0323816469', 'Hà Nội', 'W_3@gmail.com', 17868027.53, 18, 'NV18', '12345')
INSERT dbo.NHANVIEN(MANV, HOTENNV, NGAYSINH, VITRI, BANGCAP, DIENTHOAI, DIACHI, EMAIL, LUONG, MATRUNGTAM, TAIKHOAN, MATKHAU) VALUES (19, 'Đơn', '1950-01-11', 'Bác sĩ', 'Tiến sĩ', '0732125913', 'TPHCM', 'D_5@gmail.com', 30638379.21, 19, 'NV19', '12345')
INSERT dbo.NHANVIEN(MANV, HOTENNV, NGAYSINH, VITRI, BANGCAP, DIENTHOAI, DIACHI, EMAIL, LUONG, MATRUNGTAM, TAIKHOAN, MATKHAU) VALUES (20, 'Hình', '1983-02-17', 'Nhân viên y tế', 'Tiến sĩ', '0438625124', 'An Giang', 'S_5@gmail.com', 24547555.38, 20, 'NV20', '12345')
INSERT dbo.NHANVIEN(MANV, HOTENNV, NGAYSINH, VITRI, BANGCAP, DIENTHOAI, DIACHI, EMAIL, LUONG, MATRUNGTAM, TAIKHOAN, MATKHAU) VALUES (21, 'Thập', '1986-05-28', 'Y sĩ', 'Thạc sĩ', '0133117245', 'Quảng Nam', 'I_1@gmail.com', 29215491.53, 21, 'NV21', '12345')
INSERT dbo.NHANVIEN(MANV, HOTENNV, NGAYSINH, VITRI, BANGCAP, DIENTHOAI, DIACHI, EMAIL, LUONG, MATRUNGTAM, TAIKHOAN, MATKHAU) VALUES (22, 'Đào', '1950-01-06', 'Bác sĩ', 'Tiến sĩ', '0275176692', 'TPHCM', 'Y_5@gmail.com', 17118491.45, 22, 'NV22', '12345')
INSERT dbo.NHANVIEN(MANV, HOTENNV, NGAYSINH, VITRI, BANGCAP, DIENTHOAI, DIACHI, EMAIL, LUONG, MATRUNGTAM, TAIKHOAN, MATKHAU) VALUES (23, 'Nhâm', '1952-09-14', 'Y sĩ', 'Tiến sĩ', '0211658477', 'TPHCM', 'W_6@gmail.com', 37555399.07, 23, 'NV23', '12345')
INSERT dbo.NHANVIEN(MANV, HOTENNV, NGAYSINH, VITRI, BANGCAP, DIENTHOAI, DIACHI, EMAIL, LUONG, MATRUNGTAM, TAIKHOAN, MATKHAU) VALUES (24, 'Lạc', '1974-09-19', 'Bác sĩ', 'Thạc sĩ', '0114326648', 'TPHCM', 'Z_8@gmail.com', 39949319.91, 24, 'NV24', '12345')
INSERT dbo.NHANVIEN(MANV, HOTENNV, NGAYSINH, VITRI, BANGCAP, DIENTHOAI, DIACHI, EMAIL, LUONG, MATRUNGTAM, TAIKHOAN, MATKHAU) VALUES (25, 'Nghiêm', '1951-12-06', 'Bác sĩ', 'Thạc sĩ', '0811143147', 'An Giang', 'X_7@gmail.com', 17271492.57, 25, 'NV25', '12345')
INSERT dbo.NHANVIEN(MANV, HOTENNV, NGAYSINH, VITRI, BANGCAP, DIENTHOAI, DIACHI, EMAIL, LUONG, MATRUNGTAM, TAIKHOAN, MATKHAU) VALUES (26, 'Bàng', '1990-07-25', 'Bác sĩ', 'Thạc sĩ', '0492259129', 'TPHCM', 'P_6@gmail.com', 29481028.6, 26, 'NV26', '12345')
INSERT dbo.NHANVIEN(MANV, HOTENNV, NGAYSINH, VITRI, BANGCAP, DIENTHOAI, DIACHI, EMAIL, LUONG, MATRUNGTAM, TAIKHOAN, MATKHAU) VALUES (27, 'Lại', '1951-08-09', 'Bác sĩ', 'Tiến sĩ', '0798536287', 'Quảng Nam', 'U_5@gmail.com', 38506304.33, 27, 'NV27', '12345')
INSERT dbo.NHANVIEN(MANV, HOTENNV, NGAYSINH, VITRI, BANGCAP, DIENTHOAI, DIACHI, EMAIL, LUONG, MATRUNGTAM, TAIKHOAN, MATKHAU) VALUES (28, 'Từ', '1953-10-06', 'Bác sĩ', 'Tiến sĩ', '0792532463', 'TPHCM', 'M_7@gmail.com', 47582806.14, 28, 'NV28', '12345')
INSERT dbo.NHANVIEN(MANV, HOTENNV, NGAYSINH, VITRI, BANGCAP, DIENTHOAI, DIACHI, EMAIL, LUONG, MATRUNGTAM, TAIKHOAN, MATKHAU) VALUES (29, 'Phan', '1989-01-16', 'Bác sĩ', 'Thạc sĩ', '0839458294', 'TPHCM', 'K_9@gmail.com', 43367550.71, 29, 'NV29', '12345')
INSERT dbo.NHANVIEN(MANV, HOTENNV, NGAYSINH, VITRI, BANGCAP, DIENTHOAI, DIACHI, EMAIL, LUONG, MATRUNGTAM, TAIKHOAN, MATKHAU) VALUES (30, 'Thế', '1954-05-01', 'Y sĩ', 'Thạc sĩ', '0526562815', 'TPHCM', 'F_7@gmail.com', 41277080.59, 30, 'NV30', '12345')
INSERT dbo.NHANVIEN(MANV, HOTENNV, NGAYSINH, VITRI, BANGCAP, DIENTHOAI, DIACHI, EMAIL, LUONG, MATRUNGTAM, TAIKHOAN, MATKHAU) VALUES (31, 'Cam', '1954-05-02', 'Bác sĩ', 'Tiến sĩ', '0954284447', 'Quảng Ngãi', 'B_2@gmail.com', 32011478.09, 31, 'NV31', '12345')
INSERT dbo.NHANVIEN(MANV, HOTENNV, NGAYSINH, VITRI, BANGCAP, DIENTHOAI, DIACHI, EMAIL, LUONG, MATRUNGTAM, TAIKHOAN, MATKHAU) VALUES (32, 'Viên', '1984-01-24', 'Y sĩ', 'Thạc sĩ', '0449916218', 'Quảng Ngãi', 'T_6@gmail.com', 39877292.12, 32, 'NV32', '12345')
INSERT dbo.NHANVIEN(MANV, HOTENNV, NGAYSINH, VITRI, BANGCAP, DIENTHOAI, DIACHI, EMAIL, LUONG, MATRUNGTAM, TAIKHOAN, MATKHAU) VALUES (33, 'Uông', '1969-09-05', 'Y sĩ', 'Tiến sĩ', '0687468477', 'Quảng Ninh', 'W_1@gmail.com', 22670906.85, 33, 'NV33', '12345')
INSERT dbo.NHANVIEN(MANV, HOTENNV, NGAYSINH, VITRI, BANGCAP, DIENTHOAI, DIACHI, EMAIL, LUONG, MATRUNGTAM, TAIKHOAN, MATKHAU) VALUES (34, 'Vũ', '1955-01-03', 'Bác sĩ', 'Thạc sĩ', '0441362173', 'TPHCM', 'K_5@gmail.com', 37058689.45, 34, 'NV34', '12345')
INSERT dbo.NHANVIEN(MANV, HOTENNV, NGAYSINH, VITRI, BANGCAP, DIENTHOAI, DIACHI, EMAIL, LUONG, MATRUNGTAM, TAIKHOAN, MATKHAU) VALUES (35, 'Bành', '1950-03-22', 'Y sĩ', 'Tiến sĩ', '0861666284', 'TPHCM', 'Y_6@gmail.com', 40530899.36, 35, 'NV35', '12345')
INSERT dbo.NHANVIEN(MANV, HOTENNV, NGAYSINH, VITRI, BANGCAP, DIENTHOAI, DIACHI, EMAIL, LUONG, MATRUNGTAM, TAIKHOAN, MATKHAU) VALUES (36, 'Cát', '1974-01-25', 'Nhân viên y tế', 'Thạc sĩ', '0286433796', 'TPHCM', 'K_1@gmail.com', 49583351.35, 36, 'NV36', '12345')
INSERT dbo.NHANVIEN(MANV, HOTENNV, NGAYSINH, VITRI, BANGCAP, DIENTHOAI, DIACHI, EMAIL, LUONG, MATRUNGTAM, TAIKHOAN, MATKHAU) VALUES (37, 'Bảo', '1970-02-14', 'Bác sĩ', 'Tiến sĩ', '0487324512', 'Bà Rịa - Vũng Tàu', 'X_9@gmail.com', 29582183.25, 37, 'NV37', '12345')
INSERT dbo.NHANVIEN(MANV, HOTENNV, NGAYSINH, VITRI, BANGCAP, DIENTHOAI, DIACHI, EMAIL, LUONG, MATRUNGTAM, TAIKHOAN, MATKHAU) VALUES (38, 'Cầm', '1950-01-06', 'Y sĩ', 'Tiến sĩ', '0694765613', 'TPHCM', 'A_2@gmail.com', 28120957.28, 38, 'NV38', '12345')
INSERT dbo.NHANVIEN(MANV, HOTENNV, NGAYSINH, VITRI, BANGCAP, DIENTHOAI, DIACHI, EMAIL, LUONG, MATRUNGTAM, TAIKHOAN, MATKHAU) VALUES (39, 'Hoa', '1950-01-10', 'Bác sĩ', 'Thạc sĩ', '0944178161', 'TPHCM', 'K_6@gmail.com', 48125772.46, 39, 'NV39', '12345')
INSERT dbo.NHANVIEN(MANV, HOTENNV, NGAYSINH, VITRI, BANGCAP, DIENTHOAI, DIACHI, EMAIL, LUONG, MATRUNGTAM, TAIKHOAN, MATKHAU) VALUES (40, 'Bửu', '1951-06-24', 'Bác sĩ', 'Thạc sĩ', '0422124962', 'TPHCM', 'U_8@gmail.com', 17480744.06, 40, 'NV40', '12345')
INSERT dbo.NHANVIEN(MANV, HOTENNV, NGAYSINH, VITRI, BANGCAP, DIENTHOAI, DIACHI, EMAIL, LUONG, MATRUNGTAM, TAIKHOAN, MATKHAU) VALUES (41, 'Chế', '1975-01-31', 'Y sĩ', 'Thạc sĩ', '0182553863', 'TPHCM', 'Z_9@gmail.com', 42647806.72, 41, 'NV41', '12345')
INSERT dbo.NHANVIEN(MANV, HOTENNV, NGAYSINH, VITRI, BANGCAP, DIENTHOAI, DIACHI, EMAIL, LUONG, MATRUNGTAM, TAIKHOAN, MATKHAU) VALUES (42, 'Ngụy', '1993-11-02', 'Y sĩ', 'Tiến sĩ', '0537272624', 'Bà Rịa - Vũng Tàu', 'L_2@gmail.com', 34307678.54, 42, 'NV42', '12345')
INSERT dbo.NHANVIEN(MANV, HOTENNV, NGAYSINH, VITRI, BANGCAP, DIENTHOAI, DIACHI, EMAIL, LUONG, MATRUNGTAM, TAIKHOAN, MATKHAU) VALUES (43, 'Lâm', '1983-09-23', 'Bác sĩ', 'Thạc sĩ', '0754171239', 'Quảng Ninh', 'R_5@gmail.com', 36802953.77, 43, 'NV43', '12345')
INSERT dbo.NHANVIEN(MANV, HOTENNV, NGAYSINH, VITRI, BANGCAP, DIENTHOAI, DIACHI, EMAIL, LUONG, MATRUNGTAM, TAIKHOAN, MATKHAU) VALUES (44, 'Thi', '1965-11-16', 'Bác sĩ', 'Tiến sĩ', '0131961663', 'TPHCM', 'S_1@gmail.com', 30308925.77, 44, 'NV44', '12345')
INSERT dbo.NHANVIEN(MANV, HOTENNV, NGAYSINH, VITRI, BANGCAP, DIENTHOAI, DIACHI, EMAIL, LUONG, MATRUNGTAM, TAIKHOAN, MATKHAU) VALUES (45, 'Vương', '1958-07-12', 'Bác sĩ', 'Thạc sĩ', '0893427673', 'Quảng Trị', 'A_3@gmail.com', 30252509.81, 45, 'NV45', '12345')
INSERT dbo.NHANVIEN(MANV, HOTENNV, NGAYSINH, VITRI, BANGCAP, DIENTHOAI, DIACHI, EMAIL, LUONG, MATRUNGTAM, TAIKHOAN, MATKHAU) VALUES (46, 'Nhữ', '1965-11-10', 'Bác sĩ', 'Thạc sĩ', '0631172329', 'TPHCM', 'X_2@gmail.com', 47630374.25, 46, 'NV46', '12345')
INSERT dbo.NHANVIEN(MANV, HOTENNV, NGAYSINH, VITRI, BANGCAP, DIENTHOAI, DIACHI, EMAIL, LUONG, MATRUNGTAM, TAIKHOAN, MATKHAU) VALUES (47, 'Liễu', '1957-02-16', 'Bác sĩ', 'Tiến sĩ', '0588787694', 'TPHCM', 'Z_5@gmail.com', 36628778.36, 47, 'NV47', '12345')
INSERT dbo.NHANVIEN(MANV, HOTENNV, NGAYSINH, VITRI, BANGCAP, DIENTHOAI, DIACHI, EMAIL, LUONG, MATRUNGTAM, TAIKHOAN, MATKHAU) VALUES (48, 'Văn', '1951-04-20', 'Nhân viên y tế', 'Thạc sĩ', '0442987859', 'Bạc Liêu', 'M_2@gmail.com', 20800029.53, 48, 'NV48', '12345')
INSERT dbo.NHANVIEN(MANV, HOTENNV, NGAYSINH, VITRI, BANGCAP, DIENTHOAI, DIACHI, EMAIL, LUONG, MATRUNGTAM, TAIKHOAN, MATKHAU) VALUES (49, 'Bế', '1965-06-09', 'Nhân viên y tế', 'Thạc sĩ', '0363315354', 'TPHCM', 'K_7@gmail.com', 44535306.98, 49, 'NV49', '12345')
INSERT dbo.NHANVIEN(MANV, HOTENNV, NGAYSINH, VITRI, BANGCAP, DIENTHOAI, DIACHI, EMAIL, LUONG, MATRUNGTAM, TAIKHOAN, MATKHAU) VALUES (50, 'Đậu', '1972-08-08', 'Bác sĩ', 'Thạc sĩ', '0341298121', 'Quảng Trị', 'P_8@gmail.com', 45400630.44, 50, 'NV50', '12345')
GO

--
-- Inserting data into table dbo.PHIEUDATVACXIN
--
INSERT dbo.PHIEUDATVACXIN(MAPHIEUDAT, MATRUNGTAM, NGAYLAP, MANCC) VALUES (1, 1, '2022-01-15', 1)
INSERT dbo.PHIEUDATVACXIN(MAPHIEUDAT, MATRUNGTAM, NGAYLAP, MANCC) VALUES (2, 2, '2022-01-16', 2)
INSERT dbo.PHIEUDATVACXIN(MAPHIEUDAT, MATRUNGTAM, NGAYLAP, MANCC) VALUES (3, 3, '2022-01-17', 3)
INSERT dbo.PHIEUDATVACXIN(MAPHIEUDAT, MATRUNGTAM, NGAYLAP, MANCC) VALUES (4, 4, '2022-01-18', 4)
INSERT dbo.PHIEUDATVACXIN(MAPHIEUDAT, MATRUNGTAM, NGAYLAP, MANCC) VALUES (5, 5, '2022-01-19', 5)
INSERT dbo.PHIEUDATVACXIN(MAPHIEUDAT, MATRUNGTAM, NGAYLAP, MANCC) VALUES (6, 6, '2022-01-20', 6)
INSERT dbo.PHIEUDATVACXIN(MAPHIEUDAT, MATRUNGTAM, NGAYLAP, MANCC) VALUES (7, 7, '2022-01-21', 7)
INSERT dbo.PHIEUDATVACXIN(MAPHIEUDAT, MATRUNGTAM, NGAYLAP, MANCC) VALUES (8, 8, '2022-01-22', 8)
INSERT dbo.PHIEUDATVACXIN(MAPHIEUDAT, MATRUNGTAM, NGAYLAP, MANCC) VALUES (9, 9, '2022-01-23', 9)
INSERT dbo.PHIEUDATVACXIN(MAPHIEUDAT, MATRUNGTAM, NGAYLAP, MANCC) VALUES (10, 10, '2022-01-24', 10)
INSERT dbo.PHIEUDATVACXIN(MAPHIEUDAT, MATRUNGTAM, NGAYLAP, MANCC) VALUES (11, 11, '2022-01-25', 11)
INSERT dbo.PHIEUDATVACXIN(MAPHIEUDAT, MATRUNGTAM, NGAYLAP, MANCC) VALUES (12, 12, '2022-01-26', 12)
INSERT dbo.PHIEUDATVACXIN(MAPHIEUDAT, MATRUNGTAM, NGAYLAP, MANCC) VALUES (13, 13, '2022-01-27', 13)
INSERT dbo.PHIEUDATVACXIN(MAPHIEUDAT, MATRUNGTAM, NGAYLAP, MANCC) VALUES (14, 14, '2022-01-28', 14)
INSERT dbo.PHIEUDATVACXIN(MAPHIEUDAT, MATRUNGTAM, NGAYLAP, MANCC) VALUES (15, 15, '2022-01-29', 15)
INSERT dbo.PHIEUDATVACXIN(MAPHIEUDAT, MATRUNGTAM, NGAYLAP, MANCC) VALUES (16, 16, '2022-01-30', 16)
INSERT dbo.PHIEUDATVACXIN(MAPHIEUDAT, MATRUNGTAM, NGAYLAP, MANCC) VALUES (17, 17, '2022-01-31', 17)
INSERT dbo.PHIEUDATVACXIN(MAPHIEUDAT, MATRUNGTAM, NGAYLAP, MANCC) VALUES (18, 18, '2022-02-01', 18)
INSERT dbo.PHIEUDATVACXIN(MAPHIEUDAT, MATRUNGTAM, NGAYLAP, MANCC) VALUES (19, 19, '2022-02-02', 19)
INSERT dbo.PHIEUDATVACXIN(MAPHIEUDAT, MATRUNGTAM, NGAYLAP, MANCC) VALUES (20, 20, '2022-02-03', 20)
INSERT dbo.PHIEUDATVACXIN(MAPHIEUDAT, MATRUNGTAM, NGAYLAP, MANCC) VALUES (21, 21, '2022-02-04', 21)
INSERT dbo.PHIEUDATVACXIN(MAPHIEUDAT, MATRUNGTAM, NGAYLAP, MANCC) VALUES (22, 22, '2022-02-05', 22)
INSERT dbo.PHIEUDATVACXIN(MAPHIEUDAT, MATRUNGTAM, NGAYLAP, MANCC) VALUES (23, 23, '2022-02-06', 23)
INSERT dbo.PHIEUDATVACXIN(MAPHIEUDAT, MATRUNGTAM, NGAYLAP, MANCC) VALUES (24, 24, '2022-02-07', 24)
INSERT dbo.PHIEUDATVACXIN(MAPHIEUDAT, MATRUNGTAM, NGAYLAP, MANCC) VALUES (25, 25, '2022-02-08', 25)
INSERT dbo.PHIEUDATVACXIN(MAPHIEUDAT, MATRUNGTAM, NGAYLAP, MANCC) VALUES (26, 26, '2022-02-09', 26)
INSERT dbo.PHIEUDATVACXIN(MAPHIEUDAT, MATRUNGTAM, NGAYLAP, MANCC) VALUES (27, 27, '2022-02-10', 27)
INSERT dbo.PHIEUDATVACXIN(MAPHIEUDAT, MATRUNGTAM, NGAYLAP, MANCC) VALUES (28, 28, '2022-02-11', 28)
INSERT dbo.PHIEUDATVACXIN(MAPHIEUDAT, MATRUNGTAM, NGAYLAP, MANCC) VALUES (29, 29, '2022-02-12', 29)
INSERT dbo.PHIEUDATVACXIN(MAPHIEUDAT, MATRUNGTAM, NGAYLAP, MANCC) VALUES (30, 30, '2022-02-13', 30)
INSERT dbo.PHIEUDATVACXIN(MAPHIEUDAT, MATRUNGTAM, NGAYLAP, MANCC) VALUES (31, 31, '2022-02-14', 1)
INSERT dbo.PHIEUDATVACXIN(MAPHIEUDAT, MATRUNGTAM, NGAYLAP, MANCC) VALUES (32, 32, '2022-02-15', 2)
INSERT dbo.PHIEUDATVACXIN(MAPHIEUDAT, MATRUNGTAM, NGAYLAP, MANCC) VALUES (33, 33, '2022-02-16', 3)
INSERT dbo.PHIEUDATVACXIN(MAPHIEUDAT, MATRUNGTAM, NGAYLAP, MANCC) VALUES (34, 34, '2022-02-17', 4)
INSERT dbo.PHIEUDATVACXIN(MAPHIEUDAT, MATRUNGTAM, NGAYLAP, MANCC) VALUES (35, 35, '2022-02-18', 5)
INSERT dbo.PHIEUDATVACXIN(MAPHIEUDAT, MATRUNGTAM, NGAYLAP, MANCC) VALUES (36, 36, '2022-02-19', 6)
INSERT dbo.PHIEUDATVACXIN(MAPHIEUDAT, MATRUNGTAM, NGAYLAP, MANCC) VALUES (37, 37, '2022-02-20', 7)
INSERT dbo.PHIEUDATVACXIN(MAPHIEUDAT, MATRUNGTAM, NGAYLAP, MANCC) VALUES (38, 38, '2022-02-21', 8)
INSERT dbo.PHIEUDATVACXIN(MAPHIEUDAT, MATRUNGTAM, NGAYLAP, MANCC) VALUES (39, 39, '2022-02-22', 9)
INSERT dbo.PHIEUDATVACXIN(MAPHIEUDAT, MATRUNGTAM, NGAYLAP, MANCC) VALUES (40, 40, '2022-02-23', 10)
INSERT dbo.PHIEUDATVACXIN(MAPHIEUDAT, MATRUNGTAM, NGAYLAP, MANCC) VALUES (41, 41, '2022-02-24', 11)
INSERT dbo.PHIEUDATVACXIN(MAPHIEUDAT, MATRUNGTAM, NGAYLAP, MANCC) VALUES (42, 42, '2022-02-25', 12)
INSERT dbo.PHIEUDATVACXIN(MAPHIEUDAT, MATRUNGTAM, NGAYLAP, MANCC) VALUES (43, 43, '2022-02-26', 13)
INSERT dbo.PHIEUDATVACXIN(MAPHIEUDAT, MATRUNGTAM, NGAYLAP, MANCC) VALUES (44, 44, '2022-02-27', 14)
INSERT dbo.PHIEUDATVACXIN(MAPHIEUDAT, MATRUNGTAM, NGAYLAP, MANCC) VALUES (45, 45, '2022-02-28', 15)
INSERT dbo.PHIEUDATVACXIN(MAPHIEUDAT, MATRUNGTAM, NGAYLAP, MANCC) VALUES (46, 46, '2022-03-01', 16)
INSERT dbo.PHIEUDATVACXIN(MAPHIEUDAT, MATRUNGTAM, NGAYLAP, MANCC) VALUES (47, 47, '2022-03-02', 17)
INSERT dbo.PHIEUDATVACXIN(MAPHIEUDAT, MATRUNGTAM, NGAYLAP, MANCC) VALUES (48, 48, '2022-03-03', 18)
INSERT dbo.PHIEUDATVACXIN(MAPHIEUDAT, MATRUNGTAM, NGAYLAP, MANCC) VALUES (49, 49, '2022-03-04', 19)
INSERT dbo.PHIEUDATVACXIN(MAPHIEUDAT, MATRUNGTAM, NGAYLAP, MANCC) VALUES (50, 50, '2022-03-05', 20)
GO

--
-- Inserting data into table dbo.VACXIN
--
INSERT dbo.VACXIN(MAVACXIN, TENVACXIN, DONGIA, NHACUNGCAP, THONGTINCHITIET) VALUES (1, 'Vaccine AstraZeneca loại 1', 225560, 1, 'Vaccine đã được phê duyệt có điều kiện')
INSERT dbo.VACXIN(MAVACXIN, TENVACXIN, DONGIA, NHACUNGCAP, THONGTINCHITIET) VALUES (2, 'Vaccine SPUTNIK V loại 1', 299233, 2, 'Vaccine đã được phê duyệt có điều kiện')
INSERT dbo.VACXIN(MAVACXIN, TENVACXIN, DONGIA, NHACUNGCAP, THONGTINCHITIET) VALUES (3, 'Vaccine Vero Cell loại 1', 229299, 3, 'Vaccine đã được phê duyệt có điều kiện')
INSERT dbo.VACXIN(MAVACXIN, TENVACXIN, DONGIA, NHACUNGCAP, THONGTINCHITIET) VALUES (4, 'Vaccine Comirnaty loại 1', 282224, 4, 'Vaccine đã được phê duyệt có điều kiện')
INSERT dbo.VACXIN(MAVACXIN, TENVACXIN, DONGIA, NHACUNGCAP, THONGTINCHITIET) VALUES (5, 'Vaccine Moderna loại 1', 249284, 5, 'Vaccine đã được phê duyệt có điều kiện')
INSERT dbo.VACXIN(MAVACXIN, TENVACXIN, DONGIA, NHACUNGCAP, THONGTINCHITIET) VALUES (6, 'Vaccine Janssen loại 1', 382748, 6, 'Vaccine đã được phê duyệt có điều kiện')
INSERT dbo.VACXIN(MAVACXIN, TENVACXIN, DONGIA, NHACUNGCAP, THONGTINCHITIET) VALUES (7, 'Vaccine Abdala loại 1', 196054, 7, 'Vaccine đã được phê duyệt có điều kiện')
INSERT dbo.VACXIN(MAVACXIN, TENVACXIN, DONGIA, NHACUNGCAP, THONGTINCHITIET) VALUES (8, 'Vaccine Hayat-Vax loại 1', 296096, 8, 'Vaccine đã được phê duyệt có điều kiện')
INSERT dbo.VACXIN(MAVACXIN, TENVACXIN, DONGIA, NHACUNGCAP, THONGTINCHITIET) VALUES (9, 'Vaccine AstraZeneca loại 2', 337137, 9, 'Vaccine đã được phê duyệt có điều kiện')
INSERT dbo.VACXIN(MAVACXIN, TENVACXIN, DONGIA, NHACUNGCAP, THONGTINCHITIET) VALUES (10, 'Vaccine SPUTNIK V loại 2', 214086, 10, 'Vaccine đã được phê duyệt có điều kiện')
INSERT dbo.VACXIN(MAVACXIN, TENVACXIN, DONGIA, NHACUNGCAP, THONGTINCHITIET) VALUES (11, 'Vaccine Vero Cell loại 2', 117090, 11, 'Vaccine đã được phê duyệt có điều kiện')
INSERT dbo.VACXIN(MAVACXIN, TENVACXIN, DONGIA, NHACUNGCAP, THONGTINCHITIET) VALUES (12, 'Vaccine Comirnaty loại 2', 148747, 12, 'Vaccine đã được phê duyệt có điều kiện')
INSERT dbo.VACXIN(MAVACXIN, TENVACXIN, DONGIA, NHACUNGCAP, THONGTINCHITIET) VALUES (13, 'Vaccine Moderna loại 2', 324776, 13, 'Vaccine đã được phê duyệt có điều kiện')
INSERT dbo.VACXIN(MAVACXIN, TENVACXIN, DONGIA, NHACUNGCAP, THONGTINCHITIET) VALUES (14, 'Vaccine Janssen loại 2', 230009, 14, 'Vaccine đã được phê duyệt có điều kiện')
INSERT dbo.VACXIN(MAVACXIN, TENVACXIN, DONGIA, NHACUNGCAP, THONGTINCHITIET) VALUES (15, 'Vaccine Abdala loại 2', 108033, 15, 'Vaccine đã được phê duyệt có điều kiện')
INSERT dbo.VACXIN(MAVACXIN, TENVACXIN, DONGIA, NHACUNGCAP, THONGTINCHITIET) VALUES (16, 'Vaccine Hayat-Vax loại 2', 170273, 16, 'Vaccine đã được phê duyệt có điều kiện')
INSERT dbo.VACXIN(MAVACXIN, TENVACXIN, DONGIA, NHACUNGCAP, THONGTINCHITIET) VALUES (17, 'Vaccine AstraZeneca loại 3', 363865, 17, 'Vaccine đã được phê duyệt có điều kiện')
INSERT dbo.VACXIN(MAVACXIN, TENVACXIN, DONGIA, NHACUNGCAP, THONGTINCHITIET) VALUES (18, 'Vaccine SPUTNIK V loại 3', 264961, 18, 'Vaccine đã được phê duyệt có điều kiện')
INSERT dbo.VACXIN(MAVACXIN, TENVACXIN, DONGIA, NHACUNGCAP, THONGTINCHITIET) VALUES (19, 'Vaccine Vero Cell loại 3', 305197, 19, 'Vaccine đã được phê duyệt có điều kiện')
INSERT dbo.VACXIN(MAVACXIN, TENVACXIN, DONGIA, NHACUNGCAP, THONGTINCHITIET) VALUES (20, 'Vaccine Comirnaty loại 3', 362367, 20, 'Vaccine đã được phê duyệt có điều kiện')
GO

--
-- Inserting data into table dbo.HOSODANGKYTIEMCHUNG
--
INSERT dbo.HOSODANGKYTIEMCHUNG(MAHS, MAKH, MANV, NGAYLAP, MATRUNGTAMDK) VALUES (1, 1, 1, '2022-01-01', 1)
INSERT dbo.HOSODANGKYTIEMCHUNG(MAHS, MAKH, MANV, NGAYLAP, MATRUNGTAMDK) VALUES (2, 2, 2, '2022-01-02', 2)
INSERT dbo.HOSODANGKYTIEMCHUNG(MAHS, MAKH, MANV, NGAYLAP, MATRUNGTAMDK) VALUES (3, 3, 3, '2022-01-03', 3)
INSERT dbo.HOSODANGKYTIEMCHUNG(MAHS, MAKH, MANV, NGAYLAP, MATRUNGTAMDK) VALUES (4, 4, 4, '2022-01-04', 4)
INSERT dbo.HOSODANGKYTIEMCHUNG(MAHS, MAKH, MANV, NGAYLAP, MATRUNGTAMDK) VALUES (5, 5, 5, '2022-01-05', 5)
INSERT dbo.HOSODANGKYTIEMCHUNG(MAHS, MAKH, MANV, NGAYLAP, MATRUNGTAMDK) VALUES (6, 6, 6, '2022-01-06', 6)
INSERT dbo.HOSODANGKYTIEMCHUNG(MAHS, MAKH, MANV, NGAYLAP, MATRUNGTAMDK) VALUES (7, 7, 7, '2022-01-07', 7)
INSERT dbo.HOSODANGKYTIEMCHUNG(MAHS, MAKH, MANV, NGAYLAP, MATRUNGTAMDK) VALUES (8, 8, 8, '2022-01-08', 8)
INSERT dbo.HOSODANGKYTIEMCHUNG(MAHS, MAKH, MANV, NGAYLAP, MATRUNGTAMDK) VALUES (9, 9, 9, '2022-01-09', 9)
INSERT dbo.HOSODANGKYTIEMCHUNG(MAHS, MAKH, MANV, NGAYLAP, MATRUNGTAMDK) VALUES (10, 10, 10, '2022-01-10', 10)
INSERT dbo.HOSODANGKYTIEMCHUNG(MAHS, MAKH, MANV, NGAYLAP, MATRUNGTAMDK) VALUES (11, 11, 11, '2022-01-11', 11)
INSERT dbo.HOSODANGKYTIEMCHUNG(MAHS, MAKH, MANV, NGAYLAP, MATRUNGTAMDK) VALUES (12, 12, 12, '2022-01-12', 12)
INSERT dbo.HOSODANGKYTIEMCHUNG(MAHS, MAKH, MANV, NGAYLAP, MATRUNGTAMDK) VALUES (13, 13, 13, '2022-01-13', 13)
INSERT dbo.HOSODANGKYTIEMCHUNG(MAHS, MAKH, MANV, NGAYLAP, MATRUNGTAMDK) VALUES (14, 14, 14, '2022-01-14', 14)
INSERT dbo.HOSODANGKYTIEMCHUNG(MAHS, MAKH, MANV, NGAYLAP, MATRUNGTAMDK) VALUES (15, 15, 15, '2022-01-15', 15)
INSERT dbo.HOSODANGKYTIEMCHUNG(MAHS, MAKH, MANV, NGAYLAP, MATRUNGTAMDK) VALUES (16, 16, 16, '2022-01-16', 16)
INSERT dbo.HOSODANGKYTIEMCHUNG(MAHS, MAKH, MANV, NGAYLAP, MATRUNGTAMDK) VALUES (17, 17, 17, '2022-01-17', 17)
INSERT dbo.HOSODANGKYTIEMCHUNG(MAHS, MAKH, MANV, NGAYLAP, MATRUNGTAMDK) VALUES (18, 18, 18, '2022-01-18', 18)
INSERT dbo.HOSODANGKYTIEMCHUNG(MAHS, MAKH, MANV, NGAYLAP, MATRUNGTAMDK) VALUES (19, 19, 19, '2022-01-19', 19)
INSERT dbo.HOSODANGKYTIEMCHUNG(MAHS, MAKH, MANV, NGAYLAP, MATRUNGTAMDK) VALUES (20, 20, 20, '2022-01-20', 20)
INSERT dbo.HOSODANGKYTIEMCHUNG(MAHS, MAKH, MANV, NGAYLAP, MATRUNGTAMDK) VALUES (21, 21, 21, '2022-01-21', 21)
INSERT dbo.HOSODANGKYTIEMCHUNG(MAHS, MAKH, MANV, NGAYLAP, MATRUNGTAMDK) VALUES (22, 22, 22, '2022-01-22', 22)
INSERT dbo.HOSODANGKYTIEMCHUNG(MAHS, MAKH, MANV, NGAYLAP, MATRUNGTAMDK) VALUES (23, 23, 23, '2022-01-23', 23)
INSERT dbo.HOSODANGKYTIEMCHUNG(MAHS, MAKH, MANV, NGAYLAP, MATRUNGTAMDK) VALUES (24, 24, 24, '2022-01-24', 24)
INSERT dbo.HOSODANGKYTIEMCHUNG(MAHS, MAKH, MANV, NGAYLAP, MATRUNGTAMDK) VALUES (25, 25, 25, '2022-01-25', 25)
INSERT dbo.HOSODANGKYTIEMCHUNG(MAHS, MAKH, MANV, NGAYLAP, MATRUNGTAMDK) VALUES (26, 26, 26, '2022-01-26', 26)
INSERT dbo.HOSODANGKYTIEMCHUNG(MAHS, MAKH, MANV, NGAYLAP, MATRUNGTAMDK) VALUES (27, 27, 27, '2022-01-27', 27)
INSERT dbo.HOSODANGKYTIEMCHUNG(MAHS, MAKH, MANV, NGAYLAP, MATRUNGTAMDK) VALUES (28, 28, 28, '2022-01-28', 28)
INSERT dbo.HOSODANGKYTIEMCHUNG(MAHS, MAKH, MANV, NGAYLAP, MATRUNGTAMDK) VALUES (29, 29, 29, '2022-01-29', 29)
INSERT dbo.HOSODANGKYTIEMCHUNG(MAHS, MAKH, MANV, NGAYLAP, MATRUNGTAMDK) VALUES (30, 30, 30, '2022-01-30', 30)
INSERT dbo.HOSODANGKYTIEMCHUNG(MAHS, MAKH, MANV, NGAYLAP, MATRUNGTAMDK) VALUES (31, 31, 31, '2022-01-31', 31)
INSERT dbo.HOSODANGKYTIEMCHUNG(MAHS, MAKH, MANV, NGAYLAP, MATRUNGTAMDK) VALUES (32, 32, 32, '2022-02-01', 32)
INSERT dbo.HOSODANGKYTIEMCHUNG(MAHS, MAKH, MANV, NGAYLAP, MATRUNGTAMDK) VALUES (33, 33, 33, '2022-02-02', 33)
INSERT dbo.HOSODANGKYTIEMCHUNG(MAHS, MAKH, MANV, NGAYLAP, MATRUNGTAMDK) VALUES (34, 34, 34, '2022-02-03', 34)
INSERT dbo.HOSODANGKYTIEMCHUNG(MAHS, MAKH, MANV, NGAYLAP, MATRUNGTAMDK) VALUES (35, 35, 35, '2022-02-04', 35)
INSERT dbo.HOSODANGKYTIEMCHUNG(MAHS, MAKH, MANV, NGAYLAP, MATRUNGTAMDK) VALUES (36, 36, 36, '2022-02-05', 36)
INSERT dbo.HOSODANGKYTIEMCHUNG(MAHS, MAKH, MANV, NGAYLAP, MATRUNGTAMDK) VALUES (37, 37, 37, '2022-02-06', 37)
INSERT dbo.HOSODANGKYTIEMCHUNG(MAHS, MAKH, MANV, NGAYLAP, MATRUNGTAMDK) VALUES (38, 38, 38, '2022-02-07', 38)
INSERT dbo.HOSODANGKYTIEMCHUNG(MAHS, MAKH, MANV, NGAYLAP, MATRUNGTAMDK) VALUES (39, 39, 39, '2022-02-08', 39)
INSERT dbo.HOSODANGKYTIEMCHUNG(MAHS, MAKH, MANV, NGAYLAP, MATRUNGTAMDK) VALUES (40, 40, 40, '2022-02-09', 40)
INSERT dbo.HOSODANGKYTIEMCHUNG(MAHS, MAKH, MANV, NGAYLAP, MATRUNGTAMDK) VALUES (41, 41, 41, '2022-02-10', 41)
INSERT dbo.HOSODANGKYTIEMCHUNG(MAHS, MAKH, MANV, NGAYLAP, MATRUNGTAMDK) VALUES (42, 42, 42, '2022-02-11', 42)
INSERT dbo.HOSODANGKYTIEMCHUNG(MAHS, MAKH, MANV, NGAYLAP, MATRUNGTAMDK) VALUES (43, 43, 43, '2022-02-12', 43)
INSERT dbo.HOSODANGKYTIEMCHUNG(MAHS, MAKH, MANV, NGAYLAP, MATRUNGTAMDK) VALUES (44, 44, 44, '2022-02-13', 44)
INSERT dbo.HOSODANGKYTIEMCHUNG(MAHS, MAKH, MANV, NGAYLAP, MATRUNGTAMDK) VALUES (45, 45, 45, '2022-02-14', 45)
INSERT dbo.HOSODANGKYTIEMCHUNG(MAHS, MAKH, MANV, NGAYLAP, MATRUNGTAMDK) VALUES (46, 46, 46, '2022-02-15', 46)
INSERT dbo.HOSODANGKYTIEMCHUNG(MAHS, MAKH, MANV, NGAYLAP, MATRUNGTAMDK) VALUES (47, 47, 47, '2022-02-16', 47)
INSERT dbo.HOSODANGKYTIEMCHUNG(MAHS, MAKH, MANV, NGAYLAP, MATRUNGTAMDK) VALUES (48, 48, 48, '2022-02-17', 48)
INSERT dbo.HOSODANGKYTIEMCHUNG(MAHS, MAKH, MANV, NGAYLAP, MATRUNGTAMDK) VALUES (49, 49, 49, '2022-02-18', 49)
INSERT dbo.HOSODANGKYTIEMCHUNG(MAHS, MAKH, MANV, NGAYLAP, MATRUNGTAMDK) VALUES (50, 50, 50, '2022-02-19', 50)
GO

--
-- Inserting data into table dbo.PHIEUMUAVACXIN
--
INSERT dbo.PHIEUMUAVACXIN(MAPHIEUMUA, MAKH, MANV, NGAYLAP) VALUES (1, 1, 1, '2022-01-01')
INSERT dbo.PHIEUMUAVACXIN(MAPHIEUMUA, MAKH, MANV, NGAYLAP) VALUES (2, 2, 2, '2022-01-02')
INSERT dbo.PHIEUMUAVACXIN(MAPHIEUMUA, MAKH, MANV, NGAYLAP) VALUES (3, 3, 3, '2022-01-03')
INSERT dbo.PHIEUMUAVACXIN(MAPHIEUMUA, MAKH, MANV, NGAYLAP) VALUES (4, 4, 4, '2022-01-04')
INSERT dbo.PHIEUMUAVACXIN(MAPHIEUMUA, MAKH, MANV, NGAYLAP) VALUES (5, 5, 5, '2022-01-05')
INSERT dbo.PHIEUMUAVACXIN(MAPHIEUMUA, MAKH, MANV, NGAYLAP) VALUES (6, 6, 6, '2022-01-06')
INSERT dbo.PHIEUMUAVACXIN(MAPHIEUMUA, MAKH, MANV, NGAYLAP) VALUES (7, 7, 7, '2022-01-07')
INSERT dbo.PHIEUMUAVACXIN(MAPHIEUMUA, MAKH, MANV, NGAYLAP) VALUES (8, 8, 8, '2022-01-08')
INSERT dbo.PHIEUMUAVACXIN(MAPHIEUMUA, MAKH, MANV, NGAYLAP) VALUES (9, 9, 9, '2022-01-09')
INSERT dbo.PHIEUMUAVACXIN(MAPHIEUMUA, MAKH, MANV, NGAYLAP) VALUES (10, 10, 10, '2022-01-10')
INSERT dbo.PHIEUMUAVACXIN(MAPHIEUMUA, MAKH, MANV, NGAYLAP) VALUES (11, 11, 11, '2022-01-11')
INSERT dbo.PHIEUMUAVACXIN(MAPHIEUMUA, MAKH, MANV, NGAYLAP) VALUES (12, 12, 12, '2022-01-12')
INSERT dbo.PHIEUMUAVACXIN(MAPHIEUMUA, MAKH, MANV, NGAYLAP) VALUES (13, 13, 13, '2022-01-13')
INSERT dbo.PHIEUMUAVACXIN(MAPHIEUMUA, MAKH, MANV, NGAYLAP) VALUES (14, 14, 14, '2022-01-14')
INSERT dbo.PHIEUMUAVACXIN(MAPHIEUMUA, MAKH, MANV, NGAYLAP) VALUES (15, 15, 15, '2022-01-15')
INSERT dbo.PHIEUMUAVACXIN(MAPHIEUMUA, MAKH, MANV, NGAYLAP) VALUES (16, 16, 16, '2022-01-16')
INSERT dbo.PHIEUMUAVACXIN(MAPHIEUMUA, MAKH, MANV, NGAYLAP) VALUES (17, 17, 17, '2022-01-17')
INSERT dbo.PHIEUMUAVACXIN(MAPHIEUMUA, MAKH, MANV, NGAYLAP) VALUES (18, 18, 18, '2022-01-18')
INSERT dbo.PHIEUMUAVACXIN(MAPHIEUMUA, MAKH, MANV, NGAYLAP) VALUES (19, 19, 19, '2022-01-19')
INSERT dbo.PHIEUMUAVACXIN(MAPHIEUMUA, MAKH, MANV, NGAYLAP) VALUES (20, 20, 20, '2022-01-20')
INSERT dbo.PHIEUMUAVACXIN(MAPHIEUMUA, MAKH, MANV, NGAYLAP) VALUES (21, 21, 21, '2022-01-21')
INSERT dbo.PHIEUMUAVACXIN(MAPHIEUMUA, MAKH, MANV, NGAYLAP) VALUES (22, 22, 22, '2022-01-22')
INSERT dbo.PHIEUMUAVACXIN(MAPHIEUMUA, MAKH, MANV, NGAYLAP) VALUES (23, 23, 23, '2022-01-23')
INSERT dbo.PHIEUMUAVACXIN(MAPHIEUMUA, MAKH, MANV, NGAYLAP) VALUES (24, 24, 24, '2022-01-24')
INSERT dbo.PHIEUMUAVACXIN(MAPHIEUMUA, MAKH, MANV, NGAYLAP) VALUES (25, 25, 25, '2022-01-25')
INSERT dbo.PHIEUMUAVACXIN(MAPHIEUMUA, MAKH, MANV, NGAYLAP) VALUES (26, 26, 26, '2022-01-26')
INSERT dbo.PHIEUMUAVACXIN(MAPHIEUMUA, MAKH, MANV, NGAYLAP) VALUES (27, 27, 27, '2022-01-27')
INSERT dbo.PHIEUMUAVACXIN(MAPHIEUMUA, MAKH, MANV, NGAYLAP) VALUES (28, 28, 28, '2022-01-28')
INSERT dbo.PHIEUMUAVACXIN(MAPHIEUMUA, MAKH, MANV, NGAYLAP) VALUES (29, 29, 29, '2022-01-29')
INSERT dbo.PHIEUMUAVACXIN(MAPHIEUMUA, MAKH, MANV, NGAYLAP) VALUES (30, 30, 30, '2022-01-30')
INSERT dbo.PHIEUMUAVACXIN(MAPHIEUMUA, MAKH, MANV, NGAYLAP) VALUES (31, 31, 31, '2022-01-31')
INSERT dbo.PHIEUMUAVACXIN(MAPHIEUMUA, MAKH, MANV, NGAYLAP) VALUES (32, 32, 32, '2022-02-01')
INSERT dbo.PHIEUMUAVACXIN(MAPHIEUMUA, MAKH, MANV, NGAYLAP) VALUES (33, 33, 33, '2022-02-02')
INSERT dbo.PHIEUMUAVACXIN(MAPHIEUMUA, MAKH, MANV, NGAYLAP) VALUES (34, 34, 34, '2022-02-03')
INSERT dbo.PHIEUMUAVACXIN(MAPHIEUMUA, MAKH, MANV, NGAYLAP) VALUES (35, 35, 35, '2022-02-04')
INSERT dbo.PHIEUMUAVACXIN(MAPHIEUMUA, MAKH, MANV, NGAYLAP) VALUES (36, 36, 36, '2022-02-05')
INSERT dbo.PHIEUMUAVACXIN(MAPHIEUMUA, MAKH, MANV, NGAYLAP) VALUES (37, 37, 37, '2022-02-06')
INSERT dbo.PHIEUMUAVACXIN(MAPHIEUMUA, MAKH, MANV, NGAYLAP) VALUES (38, 38, 38, '2022-02-07')
INSERT dbo.PHIEUMUAVACXIN(MAPHIEUMUA, MAKH, MANV, NGAYLAP) VALUES (39, 39, 39, '2022-02-08')
INSERT dbo.PHIEUMUAVACXIN(MAPHIEUMUA, MAKH, MANV, NGAYLAP) VALUES (40, 40, 40, '2022-02-09')
INSERT dbo.PHIEUMUAVACXIN(MAPHIEUMUA, MAKH, MANV, NGAYLAP) VALUES (41, 41, 41, '2022-02-10')
INSERT dbo.PHIEUMUAVACXIN(MAPHIEUMUA, MAKH, MANV, NGAYLAP) VALUES (42, 42, 42, '2022-02-11')
INSERT dbo.PHIEUMUAVACXIN(MAPHIEUMUA, MAKH, MANV, NGAYLAP) VALUES (43, 43, 43, '2022-02-12')
INSERT dbo.PHIEUMUAVACXIN(MAPHIEUMUA, MAKH, MANV, NGAYLAP) VALUES (44, 44, 44, '2022-02-13')
INSERT dbo.PHIEUMUAVACXIN(MAPHIEUMUA, MAKH, MANV, NGAYLAP) VALUES (45, 45, 45, '2022-02-14')
INSERT dbo.PHIEUMUAVACXIN(MAPHIEUMUA, MAKH, MANV, NGAYLAP) VALUES (46, 46, 46, '2022-02-15')
INSERT dbo.PHIEUMUAVACXIN(MAPHIEUMUA, MAKH, MANV, NGAYLAP) VALUES (47, 47, 47, '2022-02-16')
INSERT dbo.PHIEUMUAVACXIN(MAPHIEUMUA, MAKH, MANV, NGAYLAP) VALUES (48, 48, 48, '2022-02-17')
INSERT dbo.PHIEUMUAVACXIN(MAPHIEUMUA, MAKH, MANV, NGAYLAP) VALUES (49, 49, 49, '2022-02-18')
INSERT dbo.PHIEUMUAVACXIN(MAPHIEUMUA, MAKH, MANV, NGAYLAP) VALUES (50, 50, 50, '2022-02-19')
GO

--
-- Inserting data into table dbo.CHITIETHOSODKTC
--
INSERT dbo.CHITIETHOSODKTC(MAHS, MAVACXIN, MATRUNGTAMTIEM, NGAYMONGMUONTIEM, NGAYTIEM, TINHTRANG, TIENSUBENH, PHANUNGSAUTIEM) VALUES (9, 7, 22, '2022-02-01', '2022-02-01', 'Đã tiêm 2 mũi', 'Hen suyễn', 'Không ')
INSERT dbo.CHITIETHOSODKTC(MAHS, MAVACXIN, MATRUNGTAMTIEM, NGAYMONGMUONTIEM, NGAYTIEM, TINHTRANG, TIENSUBENH, PHANUNGSAUTIEM) VALUES (9, 9, 1, '2022-02-02', '2022-02-02', 'Đã tiêm 1 mũi', 'Bệnh tiểu đường', 'Không ')
INSERT dbo.CHITIETHOSODKTC(MAHS, MAVACXIN, MATRUNGTAMTIEM, NGAYMONGMUONTIEM, NGAYTIEM, TINHTRANG, TIENSUBENH, PHANUNGSAUTIEM) VALUES (18, 18, 27, '2022-02-03', '2022-02-03', 'Đã tiêm 1 mũi', 'Ung thư', 'Không ')
INSERT dbo.CHITIETHOSODKTC(MAHS, MAVACXIN, MATRUNGTAMTIEM, NGAYMONGMUONTIEM, NGAYTIEM, TINHTRANG, TIENSUBENH, PHANUNGSAUTIEM) VALUES (4, 4, 22, '2022-02-04', '2022-02-04', 'Chưa tiêm', 'Cholesterol cao', 'Không ')
INSERT dbo.CHITIETHOSODKTC(MAHS, MAVACXIN, MATRUNGTAMTIEM, NGAYMONGMUONTIEM, NGAYTIEM, TINHTRANG, TIENSUBENH, PHANUNGSAUTIEM) VALUES (9, 8, 39, '2022-02-05', '2022-02-05', 'Đã tiêm 2 mũi', 'Không', 'Không ')
INSERT dbo.CHITIETHOSODKTC(MAHS, MAVACXIN, MATRUNGTAMTIEM, NGAYMONGMUONTIEM, NGAYTIEM, TINHTRANG, TIENSUBENH, PHANUNGSAUTIEM) VALUES (12, 10, 30, '2022-02-06', '2022-02-06', 'Đã tiêm 2 mũi', 'Trầm cảm', 'Không ')
INSERT dbo.CHITIETHOSODKTC(MAHS, MAVACXIN, MATRUNGTAMTIEM, NGAYMONGMUONTIEM, NGAYTIEM, TINHTRANG, TIENSUBENH, PHANUNGSAUTIEM) VALUES (7, 5, 46, '2022-02-07', '2022-02-07', 'Chưa tiêm', 'Bệnh tim và cục máu đông', 'Không ')
INSERT dbo.CHITIETHOSODKTC(MAHS, MAVACXIN, MATRUNGTAMTIEM, NGAYMONGMUONTIEM, NGAYTIEM, TINHTRANG, TIENSUBENH, PHANUNGSAUTIEM) VALUES (10, 8, 38, '2022-02-08', '2022-02-08', 'Đã tiêm 1 mũi', 'Viêm khớp', 'Không ')
INSERT dbo.CHITIETHOSODKTC(MAHS, MAVACXIN, MATRUNGTAMTIEM, NGAYMONGMUONTIEM, NGAYTIEM, TINHTRANG, TIENSUBENH, PHANUNGSAUTIEM) VALUES (8, 6, 17, '2022-02-09', '2022-02-09', 'Đã tiêm 1 mũi', 'Huyết áp cao', 'Không ')
INSERT dbo.CHITIETHOSODKTC(MAHS, MAVACXIN, MATRUNGTAMTIEM, NGAYMONGMUONTIEM, NGAYTIEM, TINHTRANG, TIENSUBENH, PHANUNGSAUTIEM) VALUES (4, 3, 46, '2022-02-10', '2022-02-10', 'Chưa tiêm', 'Bệnh Alzheimer và chứng sa sút trí tuệ', 'Không ')
INSERT dbo.CHITIETHOSODKTC(MAHS, MAVACXIN, MATRUNGTAMTIEM, NGAYMONGMUONTIEM, NGAYTIEM, TINHTRANG, TIENSUBENH, PHANUNGSAUTIEM) VALUES (13, 13, 48, '2022-02-11', '2022-02-11', 'Đã tiêm 2 mũi', 'Cholesterol cao', 'Không ')
INSERT dbo.CHITIETHOSODKTC(MAHS, MAVACXIN, MATRUNGTAMTIEM, NGAYMONGMUONTIEM, NGAYTIEM, TINHTRANG, TIENSUBENH, PHANUNGSAUTIEM) VALUES (19, 19, 16, '2022-02-12', '2022-02-12', 'Chưa tiêm', 'Bệnh tim và cục máu đông', 'Không ')
INSERT dbo.CHITIETHOSODKTC(MAHS, MAVACXIN, MATRUNGTAMTIEM, NGAYMONGMUONTIEM, NGAYTIEM, TINHTRANG, TIENSUBENH, PHANUNGSAUTIEM) VALUES (4, 2, 3, '2022-02-13', '2022-02-13', 'Chưa tiêm', 'Bệnh Alzheimer và chứng sa sút trí tuệ', 'Không ')
INSERT dbo.CHITIETHOSODKTC(MAHS, MAVACXIN, MATRUNGTAMTIEM, NGAYMONGMUONTIEM, NGAYTIEM, TINHTRANG, TIENSUBENH, PHANUNGSAUTIEM) VALUES (14, 14, 10, '2022-02-14', '2022-02-14', 'Đã tiêm 1 mũi', 'Không', 'Không ')
INSERT dbo.CHITIETHOSODKTC(MAHS, MAVACXIN, MATRUNGTAMTIEM, NGAYMONGMUONTIEM, NGAYTIEM, TINHTRANG, TIENSUBENH, PHANUNGSAUTIEM) VALUES (20, 20, 43, '2022-02-15', '2022-02-15', 'Đã tiêm 1 mũi', 'Bệnh tiểu đường', 'Không ')
INSERT dbo.CHITIETHOSODKTC(MAHS, MAVACXIN, MATRUNGTAMTIEM, NGAYMONGMUONTIEM, NGAYTIEM, TINHTRANG, TIENSUBENH, PHANUNGSAUTIEM) VALUES (11, 9, 47, '2022-02-16', '2022-02-16', 'Đã tiêm 2 mũi', 'Ung thư', 'Không ')
INSERT dbo.CHITIETHOSODKTC(MAHS, MAVACXIN, MATRUNGTAMTIEM, NGAYMONGMUONTIEM, NGAYTIEM, TINHTRANG, TIENSUBENH, PHANUNGSAUTIEM) VALUES (15, 15, 23, '2022-02-17', '2022-02-17', 'Chưa tiêm', 'Trầm cảm', 'Không ')
INSERT dbo.CHITIETHOSODKTC(MAHS, MAVACXIN, MATRUNGTAMTIEM, NGAYMONGMUONTIEM, NGAYTIEM, TINHTRANG, TIENSUBENH, PHANUNGSAUTIEM) VALUES (18, 17, 8, '2022-02-18', '2022-02-18', 'Đã tiêm 1 mũi', 'Hen suyễn', 'Không ')
INSERT dbo.CHITIETHOSODKTC(MAHS, MAVACXIN, MATRUNGTAMTIEM, NGAYMONGMUONTIEM, NGAYTIEM, TINHTRANG, TIENSUBENH, PHANUNGSAUTIEM) VALUES (5, 3, 32, '2022-02-19', '2022-02-19', 'Chưa tiêm', 'Huyết áp cao', 'Không ')
INSERT dbo.CHITIETHOSODKTC(MAHS, MAVACXIN, MATRUNGTAMTIEM, NGAYMONGMUONTIEM, NGAYTIEM, TINHTRANG, TIENSUBENH, PHANUNGSAUTIEM) VALUES (2, 1, 45, '2022-02-20', '2022-02-20', 'Đã tiêm 2 mũi', 'Viêm khớp', 'Không ')
INSERT dbo.CHITIETHOSODKTC(MAHS, MAVACXIN, MATRUNGTAMTIEM, NGAYMONGMUONTIEM, NGAYTIEM, TINHTRANG, TIENSUBENH, PHANUNGSAUTIEM) VALUES (10, 9, 1, '2022-02-21', '2022-02-21', 'Đã tiêm 1 mũi', 'Huyết áp cao', 'Không ')
INSERT dbo.CHITIETHOSODKTC(MAHS, MAVACXIN, MATRUNGTAMTIEM, NGAYMONGMUONTIEM, NGAYTIEM, TINHTRANG, TIENSUBENH, PHANUNGSAUTIEM) VALUES (19, 18, 36, '2022-02-22', '2022-02-22', 'Đã tiêm 1 mũi', 'Hen suyễn', 'Không ')
INSERT dbo.CHITIETHOSODKTC(MAHS, MAVACXIN, MATRUNGTAMTIEM, NGAYMONGMUONTIEM, NGAYTIEM, TINHTRANG, TIENSUBENH, PHANUNGSAUTIEM) VALUES (10, 10, 8, '2022-02-23', '2022-02-23', 'Đã tiêm 2 mũi', 'Cholesterol cao', 'Không ')
INSERT dbo.CHITIETHOSODKTC(MAHS, MAVACXIN, MATRUNGTAMTIEM, NGAYMONGMUONTIEM, NGAYTIEM, TINHTRANG, TIENSUBENH, PHANUNGSAUTIEM) VALUES (16, 16, 12, '2022-02-24', '2022-02-24', 'Đã tiêm 1 mũi', 'Bệnh Alzheimer và chứng sa sút trí tuệ', 'Không ')
INSERT dbo.CHITIETHOSODKTC(MAHS, MAVACXIN, MATRUNGTAMTIEM, NGAYMONGMUONTIEM, NGAYTIEM, TINHTRANG, TIENSUBENH, PHANUNGSAUTIEM) VALUES (5, 5, 24, '2022-02-25', '2022-02-25', 'Chưa tiêm', 'Không', 'Không ')
INSERT dbo.CHITIETHOSODKTC(MAHS, MAVACXIN, MATRUNGTAMTIEM, NGAYMONGMUONTIEM, NGAYTIEM, TINHTRANG, TIENSUBENH, PHANUNGSAUTIEM) VALUES (11, 11, 27, '2022-02-26', '2022-02-26', 'Đã tiêm 2 mũi', 'Bệnh tim và cục máu đông', 'Không ')
INSERT dbo.CHITIETHOSODKTC(MAHS, MAVACXIN, MATRUNGTAMTIEM, NGAYMONGMUONTIEM, NGAYTIEM, TINHTRANG, TIENSUBENH, PHANUNGSAUTIEM) VALUES (5, 4, 34, '2022-02-27', '2022-02-27', 'Chưa tiêm', 'Viêm khớp', 'Không ')
INSERT dbo.CHITIETHOSODKTC(MAHS, MAVACXIN, MATRUNGTAMTIEM, NGAYMONGMUONTIEM, NGAYTIEM, TINHTRANG, TIENSUBENH, PHANUNGSAUTIEM) VALUES (11, 10, 15, '2022-02-28', '2022-02-28', 'Đã tiêm 1 mũi', 'Bệnh tiểu đường', 'Không ')
INSERT dbo.CHITIETHOSODKTC(MAHS, MAVACXIN, MATRUNGTAMTIEM, NGAYMONGMUONTIEM, NGAYTIEM, TINHTRANG, TIENSUBENH, PHANUNGSAUTIEM) VALUES (6, 5, 12, '2022-03-01', '2022-03-01', 'Đã tiêm 1 mũi', 'Ung thư', 'Không ')
INSERT dbo.CHITIETHOSODKTC(MAHS, MAVACXIN, MATRUNGTAMTIEM, NGAYMONGMUONTIEM, NGAYTIEM, TINHTRANG, TIENSUBENH, PHANUNGSAUTIEM) VALUES (3, 2, 21, '2022-03-02', '2022-03-02', 'Chưa tiêm', 'Trầm cảm', 'Không ')
INSERT dbo.CHITIETHOSODKTC(MAHS, MAVACXIN, MATRUNGTAMTIEM, NGAYMONGMUONTIEM, NGAYTIEM, TINHTRANG, TIENSUBENH, PHANUNGSAUTIEM) VALUES (6, 4, 2, '2022-03-03', '2022-03-03', 'Chưa tiêm', 'Không', 'Không ')
INSERT dbo.CHITIETHOSODKTC(MAHS, MAVACXIN, MATRUNGTAMTIEM, NGAYMONGMUONTIEM, NGAYTIEM, TINHTRANG, TIENSUBENH, PHANUNGSAUTIEM) VALUES (6, 6, 44, '2022-03-04', '2022-03-04', 'Đã tiêm 1 mũi', 'Bệnh tiểu đường', 'Không ')
INSERT dbo.CHITIETHOSODKTC(MAHS, MAVACXIN, MATRUNGTAMTIEM, NGAYMONGMUONTIEM, NGAYTIEM, TINHTRANG, TIENSUBENH, PHANUNGSAUTIEM) VALUES (12, 11, 17, '2022-03-05', '2022-03-05', 'Đã tiêm 2 mũi', 'Bệnh Alzheimer và chứng sa sút trí tuệ', 'Không ')
INSERT dbo.CHITIETHOSODKTC(MAHS, MAVACXIN, MATRUNGTAMTIEM, NGAYMONGMUONTIEM, NGAYTIEM, TINHTRANG, TIENSUBENH, PHANUNGSAUTIEM) VALUES (20, 19, 9, '2022-03-06', '2022-03-06', 'Chưa tiêm', 'Cholesterol cao', 'Không ')
INSERT dbo.CHITIETHOSODKTC(MAHS, MAVACXIN, MATRUNGTAMTIEM, NGAYMONGMUONTIEM, NGAYTIEM, TINHTRANG, TIENSUBENH, PHANUNGSAUTIEM) VALUES (7, 6, 7, '2022-03-07', '2022-03-07', 'Chưa tiêm', 'Viêm khớp', 'Không ')
INSERT dbo.CHITIETHOSODKTC(MAHS, MAVACXIN, MATRUNGTAMTIEM, NGAYMONGMUONTIEM, NGAYTIEM, TINHTRANG, TIENSUBENH, PHANUNGSAUTIEM) VALUES (13, 12, 34, '2022-03-08', '2022-03-08', 'Chưa tiêm', 'Trầm cảm', 'Không ')
INSERT dbo.CHITIETHOSODKTC(MAHS, MAVACXIN, MATRUNGTAMTIEM, NGAYMONGMUONTIEM, NGAYTIEM, TINHTRANG, TIENSUBENH, PHANUNGSAUTIEM) VALUES (17, 17, 44, '2022-03-09', '2022-03-09', 'Đã tiêm 2 mũi', 'Hen suyễn', 'Không ')
INSERT dbo.CHITIETHOSODKTC(MAHS, MAVACXIN, MATRUNGTAMTIEM, NGAYMONGMUONTIEM, NGAYTIEM, TINHTRANG, TIENSUBENH, PHANUNGSAUTIEM) VALUES (12, 12, 40, '2022-03-10', '2022-03-10', 'Chưa tiêm', 'Bệnh tim và cục máu đông', 'Không ')
INSERT dbo.CHITIETHOSODKTC(MAHS, MAVACXIN, MATRUNGTAMTIEM, NGAYMONGMUONTIEM, NGAYTIEM, TINHTRANG, TIENSUBENH, PHANUNGSAUTIEM) VALUES (1, 1, 6, '2022-03-11', '2022-03-11', 'Chưa tiêm', 'Ung thư', 'Không ')
INSERT dbo.CHITIETHOSODKTC(MAHS, MAVACXIN, MATRUNGTAMTIEM, NGAYMONGMUONTIEM, NGAYTIEM, TINHTRANG, TIENSUBENH, PHANUNGSAUTIEM) VALUES (15, 14, 34, '2022-03-12', '2022-03-12', 'Chưa tiêm', 'Huyết áp cao', 'Không ')
INSERT dbo.CHITIETHOSODKTC(MAHS, MAVACXIN, MATRUNGTAMTIEM, NGAYMONGMUONTIEM, NGAYTIEM, TINHTRANG, TIENSUBENH, PHANUNGSAUTIEM) VALUES (21, 20, 25, '2022-03-13', '2022-03-13', 'Chưa tiêm', 'Bệnh tim và cục máu đông', 'Không ')
INSERT dbo.CHITIETHOSODKTC(MAHS, MAVACXIN, MATRUNGTAMTIEM, NGAYMONGMUONTIEM, NGAYTIEM, TINHTRANG, TIENSUBENH, PHANUNGSAUTIEM) VALUES (8, 7, 14, '2022-03-14', '2022-03-14', 'Đã tiêm 2 mũi', 'Ung thư', 'Không ')
INSERT dbo.CHITIETHOSODKTC(MAHS, MAVACXIN, MATRUNGTAMTIEM, NGAYMONGMUONTIEM, NGAYTIEM, TINHTRANG, TIENSUBENH, PHANUNGSAUTIEM) VALUES (14, 13, 9, '2022-03-15', '2022-03-15', 'Chưa tiêm', 'Trầm cảm', 'Không ')
INSERT dbo.CHITIETHOSODKTC(MAHS, MAVACXIN, MATRUNGTAMTIEM, NGAYMONGMUONTIEM, NGAYTIEM, TINHTRANG, TIENSUBENH, PHANUNGSAUTIEM) VALUES (7, 7, 50, '2022-03-16', '2022-03-16', 'Đã tiêm 2 mũi', 'Huyết áp cao', 'Không ')
INSERT dbo.CHITIETHOSODKTC(MAHS, MAVACXIN, MATRUNGTAMTIEM, NGAYMONGMUONTIEM, NGAYTIEM, TINHTRANG, TIENSUBENH, PHANUNGSAUTIEM) VALUES (16, 15, 3, '2022-03-17', '2022-03-17', 'Chưa tiêm', 'Bệnh Alzheimer và chứng sa sút trí tuệ', 'Không ')
INSERT dbo.CHITIETHOSODKTC(MAHS, MAVACXIN, MATRUNGTAMTIEM, NGAYMONGMUONTIEM, NGAYTIEM, TINHTRANG, TIENSUBENH, PHANUNGSAUTIEM) VALUES (3, 1, 35, '2022-03-18', '2022-03-18', 'Chưa tiêm', 'Cholesterol cao', 'Không ')
INSERT dbo.CHITIETHOSODKTC(MAHS, MAVACXIN, MATRUNGTAMTIEM, NGAYMONGMUONTIEM, NGAYTIEM, TINHTRANG, TIENSUBENH, PHANUNGSAUTIEM) VALUES (17, 16, 47, '2022-03-19', '2022-03-19', 'Đã tiêm 2 mũi', 'Bệnh tiểu đường', 'Không ')
INSERT dbo.CHITIETHOSODKTC(MAHS, MAVACXIN, MATRUNGTAMTIEM, NGAYMONGMUONTIEM, NGAYTIEM, TINHTRANG, TIENSUBENH, PHANUNGSAUTIEM) VALUES (2, 2, 47, '2022-03-20', '2022-03-20', 'Chưa tiêm', 'Viêm khớp', 'Không ')
INSERT dbo.CHITIETHOSODKTC(MAHS, MAVACXIN, MATRUNGTAMTIEM, NGAYMONGMUONTIEM, NGAYTIEM, TINHTRANG, TIENSUBENH, PHANUNGSAUTIEM) VALUES (8, 8, 8, '2022-03-21', '2022-03-21', 'Chưa tiêm', 'Hen suyễn', 'Không ')
INSERT dbo.CHITIETHOSODKTC(MAHS, MAVACXIN, MATRUNGTAMTIEM, NGAYMONGMUONTIEM, NGAYTIEM, TINHTRANG, TIENSUBENH, PHANUNGSAUTIEM) VALUES (3, 3, 25, '2022-03-22', '2022-03-22', 'Chưa tiêm', 'Không', 'Không ')
GO

--
-- Inserting data into table dbo.CHITIETPHIEUDAT
--
INSERT dbo.CHITIETPHIEUDAT(MAPHIEUDAT, MAVACXIN, DONGIA, SOLUONG) VALUES (9, 7, 271575.66, 29)
INSERT dbo.CHITIETPHIEUDAT(MAPHIEUDAT, MAVACXIN, DONGIA, SOLUONG) VALUES (9, 9, 183142.82, 41)
INSERT dbo.CHITIETPHIEUDAT(MAPHIEUDAT, MAVACXIN, DONGIA, SOLUONG) VALUES (18, 18, 278764.5, 75)
INSERT dbo.CHITIETPHIEUDAT(MAPHIEUDAT, MAVACXIN, DONGIA, SOLUONG) VALUES (4, 4, 467484.84, 17)
INSERT dbo.CHITIETPHIEUDAT(MAPHIEUDAT, MAVACXIN, DONGIA, SOLUONG) VALUES (9, 8, 165185.55, 71)
INSERT dbo.CHITIETPHIEUDAT(MAPHIEUDAT, MAVACXIN, DONGIA, SOLUONG) VALUES (12, 10, 257185.01, 32)
INSERT dbo.CHITIETPHIEUDAT(MAPHIEUDAT, MAVACXIN, DONGIA, SOLUONG) VALUES (7, 5, 330946.84, 80)
INSERT dbo.CHITIETPHIEUDAT(MAPHIEUDAT, MAVACXIN, DONGIA, SOLUONG) VALUES (10, 8, 116771.94, 63)
INSERT dbo.CHITIETPHIEUDAT(MAPHIEUDAT, MAVACXIN, DONGIA, SOLUONG) VALUES (8, 6, 130048.06, 63)
INSERT dbo.CHITIETPHIEUDAT(MAPHIEUDAT, MAVACXIN, DONGIA, SOLUONG) VALUES (4, 3, 194846.54, 100)
INSERT dbo.CHITIETPHIEUDAT(MAPHIEUDAT, MAVACXIN, DONGIA, SOLUONG) VALUES (13, 13, 120577.12, 4)
INSERT dbo.CHITIETPHIEUDAT(MAPHIEUDAT, MAVACXIN, DONGIA, SOLUONG) VALUES (19, 19, 140585.77, 19)
INSERT dbo.CHITIETPHIEUDAT(MAPHIEUDAT, MAVACXIN, DONGIA, SOLUONG) VALUES (4, 2, 445028.99, 13)
INSERT dbo.CHITIETPHIEUDAT(MAPHIEUDAT, MAVACXIN, DONGIA, SOLUONG) VALUES (14, 14, 251395.3, 22)
INSERT dbo.CHITIETPHIEUDAT(MAPHIEUDAT, MAVACXIN, DONGIA, SOLUONG) VALUES (20, 20, 307633.41, 100)
INSERT dbo.CHITIETPHIEUDAT(MAPHIEUDAT, MAVACXIN, DONGIA, SOLUONG) VALUES (11, 9, 474672.79, 98)
INSERT dbo.CHITIETPHIEUDAT(MAPHIEUDAT, MAVACXIN, DONGIA, SOLUONG) VALUES (15, 15, 447778.81, 37)
INSERT dbo.CHITIETPHIEUDAT(MAPHIEUDAT, MAVACXIN, DONGIA, SOLUONG) VALUES (18, 17, 411926.52, 87)
INSERT dbo.CHITIETPHIEUDAT(MAPHIEUDAT, MAVACXIN, DONGIA, SOLUONG) VALUES (5, 3, 220510.99, 4)
INSERT dbo.CHITIETPHIEUDAT(MAPHIEUDAT, MAVACXIN, DONGIA, SOLUONG) VALUES (2, 1, 322834.38, 95)
INSERT dbo.CHITIETPHIEUDAT(MAPHIEUDAT, MAVACXIN, DONGIA, SOLUONG) VALUES (10, 9, 395312.27, 71)
INSERT dbo.CHITIETPHIEUDAT(MAPHIEUDAT, MAVACXIN, DONGIA, SOLUONG) VALUES (19, 18, 406271.84, 28)
INSERT dbo.CHITIETPHIEUDAT(MAPHIEUDAT, MAVACXIN, DONGIA, SOLUONG) VALUES (10, 10, 348014.83, 85)
INSERT dbo.CHITIETPHIEUDAT(MAPHIEUDAT, MAVACXIN, DONGIA, SOLUONG) VALUES (16, 16, 342047.04, 1)
INSERT dbo.CHITIETPHIEUDAT(MAPHIEUDAT, MAVACXIN, DONGIA, SOLUONG) VALUES (5, 5, 294934.71, 7)
INSERT dbo.CHITIETPHIEUDAT(MAPHIEUDAT, MAVACXIN, DONGIA, SOLUONG) VALUES (11, 11, 413687.06, 71)
INSERT dbo.CHITIETPHIEUDAT(MAPHIEUDAT, MAVACXIN, DONGIA, SOLUONG) VALUES (5, 4, 233705.69, 3)
INSERT dbo.CHITIETPHIEUDAT(MAPHIEUDAT, MAVACXIN, DONGIA, SOLUONG) VALUES (11, 10, 426046.51, 93)
INSERT dbo.CHITIETPHIEUDAT(MAPHIEUDAT, MAVACXIN, DONGIA, SOLUONG) VALUES (6, 5, 416846.08, 2)
INSERT dbo.CHITIETPHIEUDAT(MAPHIEUDAT, MAVACXIN, DONGIA, SOLUONG) VALUES (3, 2, 344111.56, 88)
INSERT dbo.CHITIETPHIEUDAT(MAPHIEUDAT, MAVACXIN, DONGIA, SOLUONG) VALUES (6, 4, 328153.34, 5)
INSERT dbo.CHITIETPHIEUDAT(MAPHIEUDAT, MAVACXIN, DONGIA, SOLUONG) VALUES (6, 6, 239753.28, 38)
INSERT dbo.CHITIETPHIEUDAT(MAPHIEUDAT, MAVACXIN, DONGIA, SOLUONG) VALUES (12, 11, 147122.91, 99)
INSERT dbo.CHITIETPHIEUDAT(MAPHIEUDAT, MAVACXIN, DONGIA, SOLUONG) VALUES (20, 19, 467464.85, 47)
INSERT dbo.CHITIETPHIEUDAT(MAPHIEUDAT, MAVACXIN, DONGIA, SOLUONG) VALUES (7, 6, 293848.29, 65)
INSERT dbo.CHITIETPHIEUDAT(MAPHIEUDAT, MAVACXIN, DONGIA, SOLUONG) VALUES (13, 12, 255538.61, 85)
INSERT dbo.CHITIETPHIEUDAT(MAPHIEUDAT, MAVACXIN, DONGIA, SOLUONG) VALUES (17, 17, 485248, 35)
INSERT dbo.CHITIETPHIEUDAT(MAPHIEUDAT, MAVACXIN, DONGIA, SOLUONG) VALUES (12, 12, 152075.5, 6)
INSERT dbo.CHITIETPHIEUDAT(MAPHIEUDAT, MAVACXIN, DONGIA, SOLUONG) VALUES (1, 1, 165805.4, 16)
INSERT dbo.CHITIETPHIEUDAT(MAPHIEUDAT, MAVACXIN, DONGIA, SOLUONG) VALUES (15, 14, 205102.43, 52)
INSERT dbo.CHITIETPHIEUDAT(MAPHIEUDAT, MAVACXIN, DONGIA, SOLUONG) VALUES (21, 20, 409300.87, 97)
INSERT dbo.CHITIETPHIEUDAT(MAPHIEUDAT, MAVACXIN, DONGIA, SOLUONG) VALUES (8, 7, 180400.02, 95)
INSERT dbo.CHITIETPHIEUDAT(MAPHIEUDAT, MAVACXIN, DONGIA, SOLUONG) VALUES (14, 13, 434760.17, 6)
INSERT dbo.CHITIETPHIEUDAT(MAPHIEUDAT, MAVACXIN, DONGIA, SOLUONG) VALUES (7, 7, 453822.05, 1)
INSERT dbo.CHITIETPHIEUDAT(MAPHIEUDAT, MAVACXIN, DONGIA, SOLUONG) VALUES (16, 15, 466690.95, 8)
INSERT dbo.CHITIETPHIEUDAT(MAPHIEUDAT, MAVACXIN, DONGIA, SOLUONG) VALUES (3, 1, 440076.42, 88)
INSERT dbo.CHITIETPHIEUDAT(MAPHIEUDAT, MAVACXIN, DONGIA, SOLUONG) VALUES (17, 16, 339645.5, 69)
INSERT dbo.CHITIETPHIEUDAT(MAPHIEUDAT, MAVACXIN, DONGIA, SOLUONG) VALUES (2, 2, 476065.09, 58)
INSERT dbo.CHITIETPHIEUDAT(MAPHIEUDAT, MAVACXIN, DONGIA, SOLUONG) VALUES (8, 8, 320697.66, 85)
INSERT dbo.CHITIETPHIEUDAT(MAPHIEUDAT, MAVACXIN, DONGIA, SOLUONG) VALUES (3, 3, 270022.5, 95)
GO

--
-- Inserting data into table dbo.CHITIETPHIEUMUA
--
INSERT dbo.CHITIETPHIEUMUA(MAPHIEUMUA, MAVACXIN, DONGIA, SOLUONG) VALUES (9, 7, 135214.96, 72)
INSERT dbo.CHITIETPHIEUMUA(MAPHIEUMUA, MAVACXIN, DONGIA, SOLUONG) VALUES (9, 9, 390191.53, 12)
INSERT dbo.CHITIETPHIEUMUA(MAPHIEUMUA, MAVACXIN, DONGIA, SOLUONG) VALUES (18, 18, 372698, 17)
INSERT dbo.CHITIETPHIEUMUA(MAPHIEUMUA, MAVACXIN, DONGIA, SOLUONG) VALUES (4, 4, 493653.04, 74)
INSERT dbo.CHITIETPHIEUMUA(MAPHIEUMUA, MAVACXIN, DONGIA, SOLUONG) VALUES (9, 8, 279615.79, 39)
INSERT dbo.CHITIETPHIEUMUA(MAPHIEUMUA, MAVACXIN, DONGIA, SOLUONG) VALUES (12, 10, 114993.52, 29)
INSERT dbo.CHITIETPHIEUMUA(MAPHIEUMUA, MAVACXIN, DONGIA, SOLUONG) VALUES (7, 5, 193455.25, 17)
INSERT dbo.CHITIETPHIEUMUA(MAPHIEUMUA, MAVACXIN, DONGIA, SOLUONG) VALUES (10, 8, 456755.06, 72)
INSERT dbo.CHITIETPHIEUMUA(MAPHIEUMUA, MAVACXIN, DONGIA, SOLUONG) VALUES (8, 6, 270969.22, 2)
INSERT dbo.CHITIETPHIEUMUA(MAPHIEUMUA, MAVACXIN, DONGIA, SOLUONG) VALUES (4, 3, 166627.74, 78)
INSERT dbo.CHITIETPHIEUMUA(MAPHIEUMUA, MAVACXIN, DONGIA, SOLUONG) VALUES (13, 13, 376660.95, 69)
INSERT dbo.CHITIETPHIEUMUA(MAPHIEUMUA, MAVACXIN, DONGIA, SOLUONG) VALUES (19, 19, 270398.43, 31)
INSERT dbo.CHITIETPHIEUMUA(MAPHIEUMUA, MAVACXIN, DONGIA, SOLUONG) VALUES (4, 2, 255048.7, 55)
INSERT dbo.CHITIETPHIEUMUA(MAPHIEUMUA, MAVACXIN, DONGIA, SOLUONG) VALUES (14, 14, 308649.12, 8)
INSERT dbo.CHITIETPHIEUMUA(MAPHIEUMUA, MAVACXIN, DONGIA, SOLUONG) VALUES (20, 20, 499116.79, 64)
INSERT dbo.CHITIETPHIEUMUA(MAPHIEUMUA, MAVACXIN, DONGIA, SOLUONG) VALUES (11, 9, 426898.13, 10)
INSERT dbo.CHITIETPHIEUMUA(MAPHIEUMUA, MAVACXIN, DONGIA, SOLUONG) VALUES (15, 15, 100766.42, 41)
INSERT dbo.CHITIETPHIEUMUA(MAPHIEUMUA, MAVACXIN, DONGIA, SOLUONG) VALUES (18, 17, 327900.35, 84)
INSERT dbo.CHITIETPHIEUMUA(MAPHIEUMUA, MAVACXIN, DONGIA, SOLUONG) VALUES (5, 3, 186658.04, 34)
INSERT dbo.CHITIETPHIEUMUA(MAPHIEUMUA, MAVACXIN, DONGIA, SOLUONG) VALUES (2, 1, 410423.9, 79)
INSERT dbo.CHITIETPHIEUMUA(MAPHIEUMUA, MAVACXIN, DONGIA, SOLUONG) VALUES (10, 9, 359504.61, 97)
INSERT dbo.CHITIETPHIEUMUA(MAPHIEUMUA, MAVACXIN, DONGIA, SOLUONG) VALUES (19, 18, 281675.48, 80)
INSERT dbo.CHITIETPHIEUMUA(MAPHIEUMUA, MAVACXIN, DONGIA, SOLUONG) VALUES (10, 10, 297594, 18)
INSERT dbo.CHITIETPHIEUMUA(MAPHIEUMUA, MAVACXIN, DONGIA, SOLUONG) VALUES (16, 16, 161062.49, 83)
INSERT dbo.CHITIETPHIEUMUA(MAPHIEUMUA, MAVACXIN, DONGIA, SOLUONG) VALUES (5, 5, 132382.03, 30)
INSERT dbo.CHITIETPHIEUMUA(MAPHIEUMUA, MAVACXIN, DONGIA, SOLUONG) VALUES (11, 11, 291009.14, 13)
INSERT dbo.CHITIETPHIEUMUA(MAPHIEUMUA, MAVACXIN, DONGIA, SOLUONG) VALUES (5, 4, 287327, 30)
INSERT dbo.CHITIETPHIEUMUA(MAPHIEUMUA, MAVACXIN, DONGIA, SOLUONG) VALUES (11, 10, 407884.66, 17)
INSERT dbo.CHITIETPHIEUMUA(MAPHIEUMUA, MAVACXIN, DONGIA, SOLUONG) VALUES (6, 5, 344631.77, 51)
INSERT dbo.CHITIETPHIEUMUA(MAPHIEUMUA, MAVACXIN, DONGIA, SOLUONG) VALUES (3, 2, 152423.35, 45)
INSERT dbo.CHITIETPHIEUMUA(MAPHIEUMUA, MAVACXIN, DONGIA, SOLUONG) VALUES (6, 4, 372536.28, 9)
INSERT dbo.CHITIETPHIEUMUA(MAPHIEUMUA, MAVACXIN, DONGIA, SOLUONG) VALUES (6, 6, 161949.71, 43)
INSERT dbo.CHITIETPHIEUMUA(MAPHIEUMUA, MAVACXIN, DONGIA, SOLUONG) VALUES (12, 11, 177095.42, 71)
INSERT dbo.CHITIETPHIEUMUA(MAPHIEUMUA, MAVACXIN, DONGIA, SOLUONG) VALUES (20, 19, 244376.42, 99)
INSERT dbo.CHITIETPHIEUMUA(MAPHIEUMUA, MAVACXIN, DONGIA, SOLUONG) VALUES (7, 6, 225985.24, 91)
INSERT dbo.CHITIETPHIEUMUA(MAPHIEUMUA, MAVACXIN, DONGIA, SOLUONG) VALUES (13, 12, 181584.61, 55)
INSERT dbo.CHITIETPHIEUMUA(MAPHIEUMUA, MAVACXIN, DONGIA, SOLUONG) VALUES (17, 17, 387182.22, 5)
INSERT dbo.CHITIETPHIEUMUA(MAPHIEUMUA, MAVACXIN, DONGIA, SOLUONG) VALUES (12, 12, 437934.39, 61)
INSERT dbo.CHITIETPHIEUMUA(MAPHIEUMUA, MAVACXIN, DONGIA, SOLUONG) VALUES (1, 1, 188626.51, 39)
INSERT dbo.CHITIETPHIEUMUA(MAPHIEUMUA, MAVACXIN, DONGIA, SOLUONG) VALUES (15, 14, 379982.22, 27)
INSERT dbo.CHITIETPHIEUMUA(MAPHIEUMUA, MAVACXIN, DONGIA, SOLUONG) VALUES (21, 20, 421023.24, 80)
INSERT dbo.CHITIETPHIEUMUA(MAPHIEUMUA, MAVACXIN, DONGIA, SOLUONG) VALUES (8, 7, 118330.08, 47)
INSERT dbo.CHITIETPHIEUMUA(MAPHIEUMUA, MAVACXIN, DONGIA, SOLUONG) VALUES (14, 13, 136866.52, 26)
INSERT dbo.CHITIETPHIEUMUA(MAPHIEUMUA, MAVACXIN, DONGIA, SOLUONG) VALUES (7, 7, 476919.44, 76)
INSERT dbo.CHITIETPHIEUMUA(MAPHIEUMUA, MAVACXIN, DONGIA, SOLUONG) VALUES (16, 15, 149139.02, 84)
INSERT dbo.CHITIETPHIEUMUA(MAPHIEUMUA, MAVACXIN, DONGIA, SOLUONG) VALUES (3, 1, 110463.45, 63)
INSERT dbo.CHITIETPHIEUMUA(MAPHIEUMUA, MAVACXIN, DONGIA, SOLUONG) VALUES (17, 16, 103902.37, 70)
INSERT dbo.CHITIETPHIEUMUA(MAPHIEUMUA, MAVACXIN, DONGIA, SOLUONG) VALUES (2, 2, 156521.27, 46)
INSERT dbo.CHITIETPHIEUMUA(MAPHIEUMUA, MAVACXIN, DONGIA, SOLUONG) VALUES (8, 8, 121697.25, 52)
INSERT dbo.CHITIETPHIEUMUA(MAPHIEUMUA, MAVACXIN, DONGIA, SOLUONG) VALUES (3, 3, 393999.37, 76)
GO

--
-- Inserting data into table dbo.LICHNV
--
INSERT dbo.LICHNV(MANV, CATRUC, NGAYTRUC, MATRUNGTAMTRUC, LOAILICH) VALUES (47, 2, '2022-03-06', 1, 'Rảnh')
INSERT dbo.LICHNV(MANV, CATRUC, NGAYTRUC, MATRUNGTAMTRUC, LOAILICH) VALUES (9, 2, '2022-01-22', 2, 'Rảnh')
INSERT dbo.LICHNV(MANV, CATRUC, NGAYTRUC, MATRUNGTAMTRUC, LOAILICH) VALUES (18, 2, '2022-03-02', 3, 'Phân công')
INSERT dbo.LICHNV(MANV, CATRUC, NGAYTRUC, MATRUNGTAMTRUC, LOAILICH) VALUES (4, 1, '2022-03-25', 4, 'Rảnh')
INSERT dbo.LICHNV(MANV, CATRUC, NGAYTRUC, MATRUNGTAMTRUC, LOAILICH) VALUES (28, 1, '2022-03-03', 5, 'Phân công')
INSERT dbo.LICHNV(MANV, CATRUC, NGAYTRUC, MATRUNGTAMTRUC, LOAILICH) VALUES (50, 1, '2022-04-25', 6, 'Rảnh')
INSERT dbo.LICHNV(MANV, CATRUC, NGAYTRUC, MATRUNGTAMTRUC, LOAILICH) VALUES (45, 3, '2022-02-14', 7, 'Phân công')
INSERT dbo.LICHNV(MANV, CATRUC, NGAYTRUC, MATRUNGTAMTRUC, LOAILICH) VALUES (48, 3, '2022-02-02', 8, 'Phân công')
INSERT dbo.LICHNV(MANV, CATRUC, NGAYTRUC, MATRUNGTAMTRUC, LOAILICH) VALUES (46, 3, '2022-04-10', 9, 'Phân công')
INSERT dbo.LICHNV(MANV, CATRUC, NGAYTRUC, MATRUNGTAMTRUC, LOAILICH) VALUES (23, 2, '2022-04-23', 10, 'Rảnh')
INSERT dbo.LICHNV(MANV, CATRUC, NGAYTRUC, MATRUNGTAMTRUC, LOAILICH) VALUES (13, 1, '2022-04-08', 11, 'Rảnh')
INSERT dbo.LICHNV(MANV, CATRUC, NGAYTRUC, MATRUNGTAMTRUC, LOAILICH) VALUES (19, 3, '2022-01-10', 12, 'Phân công')
INSERT dbo.LICHNV(MANV, CATRUC, NGAYTRUC, MATRUNGTAMTRUC, LOAILICH) VALUES (42, 2, '2022-02-21', 13, 'Rảnh')
INSERT dbo.LICHNV(MANV, CATRUC, NGAYTRUC, MATRUNGTAMTRUC, LOAILICH) VALUES (14, 2, '2022-02-09', 14, 'Rảnh')
INSERT dbo.LICHNV(MANV, CATRUC, NGAYTRUC, MATRUNGTAMTRUC, LOAILICH) VALUES (20, 2, '2022-01-29', 15, 'Rảnh')
INSERT dbo.LICHNV(MANV, CATRUC, NGAYTRUC, MATRUNGTAMTRUC, LOAILICH) VALUES (49, 1, '2022-01-24', 16, 'Phân công')
INSERT dbo.LICHNV(MANV, CATRUC, NGAYTRUC, MATRUNGTAMTRUC, LOAILICH) VALUES (15, 1, '2022-01-28', 17, 'Rảnh')
INSERT dbo.LICHNV(MANV, CATRUC, NGAYTRUC, MATRUNGTAMTRUC, LOAILICH) VALUES (37, 2, '2022-01-31', 18, 'Rảnh')
INSERT dbo.LICHNV(MANV, CATRUC, NGAYTRUC, MATRUNGTAMTRUC, LOAILICH) VALUES (43, 1, '2022-04-16', 19, 'Phân công')
INSERT dbo.LICHNV(MANV, CATRUC, NGAYTRUC, MATRUNGTAMTRUC, LOAILICH) VALUES (21, 2, '2022-04-22', 20, 'Phân công')
INSERT dbo.LICHNV(MANV, CATRUC, NGAYTRUC, MATRUNGTAMTRUC, LOAILICH) VALUES (29, 2, '2022-03-16', 21, 'Rảnh')
INSERT dbo.LICHNV(MANV, CATRUC, NGAYTRUC, MATRUNGTAMTRUC, LOAILICH) VALUES (38, 2, '2022-02-13', 22, 'Phân công')
INSERT dbo.LICHNV(MANV, CATRUC, NGAYTRUC, MATRUNGTAMTRUC, LOAILICH) VALUES (10, 1, '2022-01-27', 23, 'Phân công')
INSERT dbo.LICHNV(MANV, CATRUC, NGAYTRUC, MATRUNGTAMTRUC, LOAILICH) VALUES (16, 2, '2022-02-10', 24, 'Phân công')
INSERT dbo.LICHNV(MANV, CATRUC, NGAYTRUC, MATRUNGTAMTRUC, LOAILICH) VALUES (5, 2, '2022-04-21', 25, 'Phân công')
INSERT dbo.LICHNV(MANV, CATRUC, NGAYTRUC, MATRUNGTAMTRUC, LOAILICH) VALUES (11, 1, '2022-04-07', 26, 'Rảnh')
INSERT dbo.LICHNV(MANV, CATRUC, NGAYTRUC, MATRUNGTAMTRUC, LOAILICH) VALUES (24, 2, '2022-02-11', 27, 'Rảnh')
INSERT dbo.LICHNV(MANV, CATRUC, NGAYTRUC, MATRUNGTAMTRUC, LOAILICH) VALUES (30, 2, '2022-03-04', 28, 'Rảnh')
INSERT dbo.LICHNV(MANV, CATRUC, NGAYTRUC, MATRUNGTAMTRUC, LOAILICH) VALUES (25, 2, '2022-01-30', 29, 'Rảnh')
INSERT dbo.LICHNV(MANV, CATRUC, NGAYTRUC, MATRUNGTAMTRUC, LOAILICH) VALUES (22, 1, '2022-04-14', 30, 'Rảnh')
INSERT dbo.LICHNV(MANV, CATRUC, NGAYTRUC, MATRUNGTAMTRUC, LOAILICH) VALUES (44, 1, '2022-02-01', 31, 'Rảnh')
INSERT dbo.LICHNV(MANV, CATRUC, NGAYTRUC, MATRUNGTAMTRUC, LOAILICH) VALUES (6, 2, '2022-04-13', 32, 'Rảnh')
INSERT dbo.LICHNV(MANV, CATRUC, NGAYTRUC, MATRUNGTAMTRUC, LOAILICH) VALUES (31, 2, '2022-01-23', 33, 'Rảnh')
INSERT dbo.LICHNV(MANV, CATRUC, NGAYTRUC, MATRUNGTAMTRUC, LOAILICH) VALUES (39, 2, '2022-03-05', 34, 'Phân công')
INSERT dbo.LICHNV(MANV, CATRUC, NGAYTRUC, MATRUNGTAMTRUC, LOAILICH) VALUES (26, 1, '2022-03-27', 35, 'Rảnh')
INSERT dbo.LICHNV(MANV, CATRUC, NGAYTRUC, MATRUNGTAMTRUC, LOAILICH) VALUES (32, 3, '2022-02-12', 36, 'Phân công')
INSERT dbo.LICHNV(MANV, CATRUC, NGAYTRUC, MATRUNGTAMTRUC, LOAILICH) VALUES (17, 1, '2022-03-14', 37, 'Phân công')
INSERT dbo.LICHNV(MANV, CATRUC, NGAYTRUC, MATRUNGTAMTRUC, LOAILICH) VALUES (12, 3, '2022-03-26', 38, 'Phân công')
INSERT dbo.LICHNV(MANV, CATRUC, NGAYTRUC, MATRUNGTAMTRUC, LOAILICH) VALUES (1, 3, '2022-02-07', 39, 'Rảnh')
INSERT dbo.LICHNV(MANV, CATRUC, NGAYTRUC, MATRUNGTAMTRUC, LOAILICH) VALUES (34, 3, '2022-02-20', 40, 'Rảnh')
INSERT dbo.LICHNV(MANV, CATRUC, NGAYTRUC, MATRUNGTAMTRUC, LOAILICH) VALUES (40, 1, '2022-04-15', 41, 'Phân công')
INSERT dbo.LICHNV(MANV, CATRUC, NGAYTRUC, MATRUNGTAMTRUC, LOAILICH) VALUES (27, 2, '2022-03-15', 42, 'Rảnh')
INSERT dbo.LICHNV(MANV, CATRUC, NGAYTRUC, MATRUNGTAMTRUC, LOAILICH) VALUES (33, 2, '2022-04-09', 43, 'Rảnh')
INSERT dbo.LICHNV(MANV, CATRUC, NGAYTRUC, MATRUNGTAMTRUC, LOAILICH) VALUES (7, 2, '2022-01-26', 44, 'Rảnh')
INSERT dbo.LICHNV(MANV, CATRUC, NGAYTRUC, MATRUNGTAMTRUC, LOAILICH) VALUES (35, 1, '2022-01-11', 45, 'Rảnh')
INSERT dbo.LICHNV(MANV, CATRUC, NGAYTRUC, MATRUNGTAMTRUC, LOAILICH) VALUES (41, 1, '2022-04-24', 46, 'Rảnh')
INSERT dbo.LICHNV(MANV, CATRUC, NGAYTRUC, MATRUNGTAMTRUC, LOAILICH) VALUES (36, 3, '2022-03-28', 47, 'Phân công')
INSERT dbo.LICHNV(MANV, CATRUC, NGAYTRUC, MATRUNGTAMTRUC, LOAILICH) VALUES (2, 3, '2022-03-01', 48, 'Rảnh')
INSERT dbo.LICHNV(MANV, CATRUC, NGAYTRUC, MATRUNGTAMTRUC, LOAILICH) VALUES (8, 1, '2022-02-08', 49, 'Phân công')
INSERT dbo.LICHNV(MANV, CATRUC, NGAYTRUC, MATRUNGTAMTRUC, LOAILICH) VALUES (3, 2, '2022-04-12', 50, 'Rảnh')
GO

--
-- Inserting data into table dbo.NGUOIGIAMHO
--
INSERT dbo.NGUOIGIAMHO(MAKH, HOTENNGH, SDTNGH, QUANHE) VALUES (1, 'Nghiêm', '0186733121', 'Ba mẹ')
INSERT dbo.NGUOIGIAMHO(MAKH, HOTENNGH, SDTNGH, QUANHE) VALUES (2, 'Ánh', '0417463686', 'Họ hàng')
INSERT dbo.NGUOIGIAMHO(MAKH, HOTENNGH, SDTNGH, QUANHE) VALUES (3, 'Cao', '0833735878', 'Anh chị')
INSERT dbo.NGUOIGIAMHO(MAKH, HOTENNGH, SDTNGH, QUANHE) VALUES (4, 'Ân', '0248225318', 'Ông bà')
INSERT dbo.NGUOIGIAMHO(MAKH, HOTENNGH, SDTNGH, QUANHE) VALUES (5, 'Phan', '0878413984', 'Ba mẹ')
INSERT dbo.NGUOIGIAMHO(MAKH, HOTENNGH, SDTNGH, QUANHE) VALUES (6, 'Tống', '0823871472', 'Họ hàng')
INSERT dbo.NGUOIGIAMHO(MAKH, HOTENNGH, SDTNGH, QUANHE) VALUES (7, 'Viên', '0465474258', 'Anh chị')
INSERT dbo.NGUOIGIAMHO(MAKH, HOTENNGH, SDTNGH, QUANHE) VALUES (8, 'Khưu', '0162892164', 'Ông bà')
INSERT dbo.NGUOIGIAMHO(MAKH, HOTENNGH, SDTNGH, QUANHE) VALUES (9, 'Cấn', '0316678365', 'Ông bà')
INSERT dbo.NGUOIGIAMHO(MAKH, HOTENNGH, SDTNGH, QUANHE) VALUES (10, 'Vũ', '0832677998', 'Anh chị')
INSERT dbo.NGUOIGIAMHO(MAKH, HOTENNGH, SDTNGH, QUANHE) VALUES (11, 'Tạ', '0368457311', 'Ba mẹ')
INSERT dbo.NGUOIGIAMHO(MAKH, HOTENNGH, SDTNGH, QUANHE) VALUES (12, 'Âu', '0715164877', 'Anh chị')
INSERT dbo.NGUOIGIAMHO(MAKH, HOTENNGH, SDTNGH, QUANHE) VALUES (13, 'Trà', '0162192343', 'Anh chị')
INSERT dbo.NGUOIGIAMHO(MAKH, HOTENNGH, SDTNGH, QUANHE) VALUES (14, 'Đoàn', '0385819791', 'Ông bà')
INSERT dbo.NGUOIGIAMHO(MAKH, HOTENNGH, SDTNGH, QUANHE) VALUES (15, 'Chử', '0169971494', 'Ba mẹ')
INSERT dbo.NGUOIGIAMHO(MAKH, HOTENNGH, SDTNGH, QUANHE) VALUES (16, 'Đồng', '0725437726', 'Họ hàng')
INSERT dbo.NGUOIGIAMHO(MAKH, HOTENNGH, SDTNGH, QUANHE) VALUES (17, 'Châu', '0368561588', 'Ba mẹ')
INSERT dbo.NGUOIGIAMHO(MAKH, HOTENNGH, SDTNGH, QUANHE) VALUES (18, 'Lại', '0913371317', 'Ba mẹ')
INSERT dbo.NGUOIGIAMHO(MAKH, HOTENNGH, SDTNGH, QUANHE) VALUES (19, 'Tào', '0333566863', 'Ba mẹ')
INSERT dbo.NGUOIGIAMHO(MAKH, HOTENNGH, SDTNGH, QUANHE) VALUES (20, 'Cung', '0299946476', 'Ông bà')
INSERT dbo.NGUOIGIAMHO(MAKH, HOTENNGH, SDTNGH, QUANHE) VALUES (21, 'Vương', '0441399638', 'Ông bà')
INSERT dbo.NGUOIGIAMHO(MAKH, HOTENNGH, SDTNGH, QUANHE) VALUES (22, 'Ấu', '0343792428', 'Anh chị')
INSERT dbo.NGUOIGIAMHO(MAKH, HOTENNGH, SDTNGH, QUANHE) VALUES (23, 'Đổng', '0722725343', 'Họ hàng')
INSERT dbo.NGUOIGIAMHO(MAKH, HOTENNGH, SDTNGH, QUANHE) VALUES (24, 'Cự', '0167587657', 'Ba mẹ')
INSERT dbo.NGUOIGIAMHO(MAKH, HOTENNGH, SDTNGH, QUANHE) VALUES (25, 'Đường', '0257934659', 'Anh chị')
INSERT dbo.NGUOIGIAMHO(MAKH, HOTENNGH, SDTNGH, QUANHE) VALUES (26, 'Dã', '0466634953', 'Anh chị')
INSERT dbo.NGUOIGIAMHO(MAKH, HOTENNGH, SDTNGH, QUANHE) VALUES (27, 'Giả', '0939866174', 'Ông bà')
INSERT dbo.NGUOIGIAMHO(MAKH, HOTENNGH, SDTNGH, QUANHE) VALUES (28, 'Triệu', '0572828538', 'Ba mẹ')
INSERT dbo.NGUOIGIAMHO(MAKH, HOTENNGH, SDTNGH, QUANHE) VALUES (29, 'Danh', '0152853861', 'Ba mẹ')
INSERT dbo.NGUOIGIAMHO(MAKH, HOTENNGH, SDTNGH, QUANHE) VALUES (30, 'Tăng', '0618285364', 'Anh chị')
INSERT dbo.NGUOIGIAMHO(MAKH, HOTENNGH, SDTNGH, QUANHE) VALUES (31, 'Võ', '0445395527', 'Ông bà')
INSERT dbo.NGUOIGIAMHO(MAKH, HOTENNGH, SDTNGH, QUANHE) VALUES (32, 'Chu', '0932892766', 'Họ hàng')
INSERT dbo.NGUOIGIAMHO(MAKH, HOTENNGH, SDTNGH, QUANHE) VALUES (33, 'Trịnh', '0121973982', 'Ông bà')
INSERT dbo.NGUOIGIAMHO(MAKH, HOTENNGH, SDTNGH, QUANHE) VALUES (34, 'Bá', '0928321649', 'Họ hàng')
INSERT dbo.NGUOIGIAMHO(MAKH, HOTENNGH, SDTNGH, QUANHE) VALUES (35, 'Xa', '0423317787', 'Anh chị')
INSERT dbo.NGUOIGIAMHO(MAKH, HOTENNGH, SDTNGH, QUANHE) VALUES (36, 'Thạch', '0347838193', 'Anh chị')
INSERT dbo.NGUOIGIAMHO(MAKH, HOTENNGH, SDTNGH, QUANHE) VALUES (37, 'Ngụy', '0133785458', 'Anh chị')
INSERT dbo.NGUOIGIAMHO(MAKH, HOTENNGH, SDTNGH, QUANHE) VALUES (38, 'Lâm', '0813896199', 'Ba mẹ')
INSERT dbo.NGUOIGIAMHO(MAKH, HOTENNGH, SDTNGH, QUANHE) VALUES (39, 'Đặng', '0527781436', 'Ông bà')
INSERT dbo.NGUOIGIAMHO(MAKH, HOTENNGH, SDTNGH, QUANHE) VALUES (40, 'Giang', '0452287168', 'Anh chị')
INSERT dbo.NGUOIGIAMHO(MAKH, HOTENNGH, SDTNGH, QUANHE) VALUES (41, 'Doãn', '0286447214', 'Họ hàng')
INSERT dbo.NGUOIGIAMHO(MAKH, HOTENNGH, SDTNGH, QUANHE) VALUES (42, 'Trình', '0926575127', 'Ba mẹ')
INSERT dbo.NGUOIGIAMHO(MAKH, HOTENNGH, SDTNGH, QUANHE) VALUES (43, 'Chung', '0986611296', 'Ba mẹ')
INSERT dbo.NGUOIGIAMHO(MAKH, HOTENNGH, SDTNGH, QUANHE) VALUES (44, 'Yên', '0127246474', 'Họ hàng')
INSERT dbo.NGUOIGIAMHO(MAKH, HOTENNGH, SDTNGH, QUANHE) VALUES (45, 'Bùi', '0426452934', 'Anh chị')
INSERT dbo.NGUOIGIAMHO(MAKH, HOTENNGH, SDTNGH, QUANHE) VALUES (46, 'Nhữ', '0779888318', 'Anh chị')
INSERT dbo.NGUOIGIAMHO(MAKH, HOTENNGH, SDTNGH, QUANHE) VALUES (47, 'Giáp', '0138625293', 'Anh chị')
INSERT dbo.NGUOIGIAMHO(MAKH, HOTENNGH, SDTNGH, QUANHE) VALUES (48, 'Thái', '0774624714', 'Ba mẹ')
INSERT dbo.NGUOIGIAMHO(MAKH, HOTENNGH, SDTNGH, QUANHE) VALUES (49, 'Liễu', '0412872855', 'Ba mẹ')
INSERT dbo.NGUOIGIAMHO(MAKH, HOTENNGH, SDTNGH, QUANHE) VALUES (50, 'Nông', '0268322181', 'Họ hàng')
GO

--
-- Inserting data into table dbo.SL_TRUNGTAM_VACXIN
--
INSERT dbo.SL_TRUNGTAM_VACXIN(MATRUNGTAM, MAVACXIN, SOLUONGTON) VALUES (47, 7, 161)
INSERT dbo.SL_TRUNGTAM_VACXIN(MATRUNGTAM, MAVACXIN, SOLUONGTON) VALUES (9, 9, 150)
INSERT dbo.SL_TRUNGTAM_VACXIN(MATRUNGTAM, MAVACXIN, SOLUONGTON) VALUES (18, 18, 100)
INSERT dbo.SL_TRUNGTAM_VACXIN(MATRUNGTAM, MAVACXIN, SOLUONGTON) VALUES (4, 4, 323)
INSERT dbo.SL_TRUNGTAM_VACXIN(MATRUNGTAM, MAVACXIN, SOLUONGTON) VALUES (28, 8, 918)
INSERT dbo.SL_TRUNGTAM_VACXIN(MATRUNGTAM, MAVACXIN, SOLUONGTON) VALUES (50, 10, 883)
INSERT dbo.SL_TRUNGTAM_VACXIN(MATRUNGTAM, MAVACXIN, SOLUONGTON) VALUES (45, 5, 642)
INSERT dbo.SL_TRUNGTAM_VACXIN(MATRUNGTAM, MAVACXIN, SOLUONGTON) VALUES (48, 8, 274)
INSERT dbo.SL_TRUNGTAM_VACXIN(MATRUNGTAM, MAVACXIN, SOLUONGTON) VALUES (46, 6, 629)
INSERT dbo.SL_TRUNGTAM_VACXIN(MATRUNGTAM, MAVACXIN, SOLUONGTON) VALUES (23, 3, 623)
INSERT dbo.SL_TRUNGTAM_VACXIN(MATRUNGTAM, MAVACXIN, SOLUONGTON) VALUES (13, 13, 831)
INSERT dbo.SL_TRUNGTAM_VACXIN(MATRUNGTAM, MAVACXIN, SOLUONGTON) VALUES (19, 19, 616)
INSERT dbo.SL_TRUNGTAM_VACXIN(MATRUNGTAM, MAVACXIN, SOLUONGTON) VALUES (42, 2, 950)
INSERT dbo.SL_TRUNGTAM_VACXIN(MATRUNGTAM, MAVACXIN, SOLUONGTON) VALUES (14, 14, 834)
INSERT dbo.SL_TRUNGTAM_VACXIN(MATRUNGTAM, MAVACXIN, SOLUONGTON) VALUES (20, 20, 911)
INSERT dbo.SL_TRUNGTAM_VACXIN(MATRUNGTAM, MAVACXIN, SOLUONGTON) VALUES (49, 9, 257)
INSERT dbo.SL_TRUNGTAM_VACXIN(MATRUNGTAM, MAVACXIN, SOLUONGTON) VALUES (15, 15, 164)
INSERT dbo.SL_TRUNGTAM_VACXIN(MATRUNGTAM, MAVACXIN, SOLUONGTON) VALUES (37, 17, 982)
INSERT dbo.SL_TRUNGTAM_VACXIN(MATRUNGTAM, MAVACXIN, SOLUONGTON) VALUES (43, 3, 773)
INSERT dbo.SL_TRUNGTAM_VACXIN(MATRUNGTAM, MAVACXIN, SOLUONGTON) VALUES (21, 1, 930)
INSERT dbo.SL_TRUNGTAM_VACXIN(MATRUNGTAM, MAVACXIN, SOLUONGTON) VALUES (29, 9, 832)
INSERT dbo.SL_TRUNGTAM_VACXIN(MATRUNGTAM, MAVACXIN, SOLUONGTON) VALUES (38, 18, 812)
INSERT dbo.SL_TRUNGTAM_VACXIN(MATRUNGTAM, MAVACXIN, SOLUONGTON) VALUES (10, 10, 999)
INSERT dbo.SL_TRUNGTAM_VACXIN(MATRUNGTAM, MAVACXIN, SOLUONGTON) VALUES (16, 16, 187)
INSERT dbo.SL_TRUNGTAM_VACXIN(MATRUNGTAM, MAVACXIN, SOLUONGTON) VALUES (5, 5, 604)
INSERT dbo.SL_TRUNGTAM_VACXIN(MATRUNGTAM, MAVACXIN, SOLUONGTON) VALUES (11, 11, 264)
INSERT dbo.SL_TRUNGTAM_VACXIN(MATRUNGTAM, MAVACXIN, SOLUONGTON) VALUES (24, 4, 992)
INSERT dbo.SL_TRUNGTAM_VACXIN(MATRUNGTAM, MAVACXIN, SOLUONGTON) VALUES (30, 10, 846)
INSERT dbo.SL_TRUNGTAM_VACXIN(MATRUNGTAM, MAVACXIN, SOLUONGTON) VALUES (25, 5, 172)
INSERT dbo.SL_TRUNGTAM_VACXIN(MATRUNGTAM, MAVACXIN, SOLUONGTON) VALUES (22, 2, 608)
INSERT dbo.SL_TRUNGTAM_VACXIN(MATRUNGTAM, MAVACXIN, SOLUONGTON) VALUES (44, 4, 280)
INSERT dbo.SL_TRUNGTAM_VACXIN(MATRUNGTAM, MAVACXIN, SOLUONGTON) VALUES (6, 6, 850)
INSERT dbo.SL_TRUNGTAM_VACXIN(MATRUNGTAM, MAVACXIN, SOLUONGTON) VALUES (31, 11, 165)
INSERT dbo.SL_TRUNGTAM_VACXIN(MATRUNGTAM, MAVACXIN, SOLUONGTON) VALUES (39, 19, 320)
INSERT dbo.SL_TRUNGTAM_VACXIN(MATRUNGTAM, MAVACXIN, SOLUONGTON) VALUES (26, 6, 835)
INSERT dbo.SL_TRUNGTAM_VACXIN(MATRUNGTAM, MAVACXIN, SOLUONGTON) VALUES (32, 12, 777)
INSERT dbo.SL_TRUNGTAM_VACXIN(MATRUNGTAM, MAVACXIN, SOLUONGTON) VALUES (17, 17, 799)
INSERT dbo.SL_TRUNGTAM_VACXIN(MATRUNGTAM, MAVACXIN, SOLUONGTON) VALUES (12, 12, 117)
INSERT dbo.SL_TRUNGTAM_VACXIN(MATRUNGTAM, MAVACXIN, SOLUONGTON) VALUES (1, 1, 364)
INSERT dbo.SL_TRUNGTAM_VACXIN(MATRUNGTAM, MAVACXIN, SOLUONGTON) VALUES (34, 14, 153)
INSERT dbo.SL_TRUNGTAM_VACXIN(MATRUNGTAM, MAVACXIN, SOLUONGTON) VALUES (40, 20, 581)
INSERT dbo.SL_TRUNGTAM_VACXIN(MATRUNGTAM, MAVACXIN, SOLUONGTON) VALUES (27, 7, 853)
INSERT dbo.SL_TRUNGTAM_VACXIN(MATRUNGTAM, MAVACXIN, SOLUONGTON) VALUES (33, 13, 952)
INSERT dbo.SL_TRUNGTAM_VACXIN(MATRUNGTAM, MAVACXIN, SOLUONGTON) VALUES (7, 7, 297)
INSERT dbo.SL_TRUNGTAM_VACXIN(MATRUNGTAM, MAVACXIN, SOLUONGTON) VALUES (35, 15, 759)
INSERT dbo.SL_TRUNGTAM_VACXIN(MATRUNGTAM, MAVACXIN, SOLUONGTON) VALUES (41, 1, 758)
INSERT dbo.SL_TRUNGTAM_VACXIN(MATRUNGTAM, MAVACXIN, SOLUONGTON) VALUES (36, 16, 366)
INSERT dbo.SL_TRUNGTAM_VACXIN(MATRUNGTAM, MAVACXIN, SOLUONGTON) VALUES (2, 2, 153)
INSERT dbo.SL_TRUNGTAM_VACXIN(MATRUNGTAM, MAVACXIN, SOLUONGTON) VALUES (8, 8, 850)
INSERT dbo.SL_TRUNGTAM_VACXIN(MATRUNGTAM, MAVACXIN, SOLUONGTON) VALUES (3, 3, 846)

SELECT * FROM KHACHHANG
SELECT * FROM NHANVIEN

SELECT COUNT(*) FROM NHANVIEN WHERE TAIKHOAN = 'NV1' AND MATKHAU = '12345';